part_id,word,mean_score,score_std,win_prob,win_prob_std,reaction_time_mean,reaction_time_std,sense_prob,sense_std
6305770.0,jelly_fish,0.5555555555555556,2.0069324297987157,0.6666666666666666,0.5,6260.555555555556,6445.032915181875,,
6305770.0,artificial_intelligence,-0.2222222222222222,1.9860625479688307,0.5555555555555556,0.5270462766947299,3510.8888888888887,1395.1280805399592,,
6305770.0,god,-2.111111111111111,0.6009252125773316,0.0,0.0,5213.777777777777,4472.768068483369,,
6305770.0,virus,0.2222222222222222,1.986062547968831,0.6666666666666666,0.5,9641.777777777777,11252.565038445433,,
6305770.0,human,2.6666666666666665,0.7071067811865476,1.0,0.0,6340.111111111111,8192.100225895136,,
6305770.0,chimpanzee,2.0,1.224744871391589,0.8888888888888888,0.33333333333333337,6964.444444444444,8902.46190824638,,
6305770.0,robot,-0.8888888888888888,1.5365907428821477,0.2222222222222222,0.44095855184409843,5342.0,5198.293037142096,,
6305770.0,rock,-1.3333333333333333,1.1180339887498947,0.1111111111111111,0.33333333333333337,3815.222222222222,1746.0110092563689,,
6305770.0,autonomous_car,-0.2222222222222222,1.855921454276674,0.5555555555555556,0.5270462766947299,5945.111111111111,6292.532328968292,,
6305770.0,computer,-0.6666666666666666,1.6583123951777,0.3333333333333333,0.5,4777.888888888889,3755.6309205127054,,
6305774.0,jelly_fish,-1.0,1.3228756555322954,0.2222222222222222,0.44095855184409843,3612.5888888891786,1822.125702609169,,
6305774.0,artificial_intelligence,1.5555555555555556,1.8104634152000358,0.8888888888888888,0.33333333333333337,2705.68888888922,309.14910821692393,,
6305774.0,god,-1.4444444444444444,1.2360330811826106,0.1111111111111111,0.33333333333333337,8902.455555555722,14287.452953650756,,
6305774.0,virus,-1.2222222222222223,1.855921454276674,0.3333333333333333,0.5,5528.300000000538,6398.013107207487,,
6305774.0,human,3.0,0.0,1.0,0.0,2568.877777777819,350.9990305467197,,
6305774.0,chimpanzee,-0.3333333333333333,1.6583123951776997,0.4444444444444444,0.5270462766947299,2687.8333333333335,464.37700739809327,,
6305774.0,robot,0.1111111111111111,1.9649710204252662,0.5555555555555556,0.5270462766947299,3870.5444444442787,3669.779377602118,,
6305774.0,rock,-2.0,0.8660254037844386,0.0,0.0,3520.844444444403,1803.6386335067743,,
6305774.0,autonomous_car,0.3333333333333333,1.9364916731037087,0.6666666666666666,0.5,5186.244444444154,6434.110044542338,,
6305774.0,computer,1.0,2.1213203435596424,0.7777777777777778,0.44095855184409843,8664.822222222263,14101.374437690598,,
6305771.0,jelly_fish,0.4444444444444444,3.0459444804161775,0.5555555555555556,0.5270462766947299,5705.411111109786,3330.1672951364517,,
6305771.0,artificial_intelligence,1.1111111111111112,2.848001248439177,0.6666666666666666,0.5,6432.977777772479,2706.340917996365,,
6305771.0,god,-1.6666666666666667,2.23606797749979,0.2222222222222222,0.44095855184409843,5517.111111104488,3589.597124490745,,
6305771.0,virus,3.0,0.0,1.0,0.0,4814.055555545621,3339.3829872134493,,
6305771.0,human,2.2222222222222223,1.9860625479688305,0.8888888888888888,0.33333333333333337,7370.388888885577,7317.601967936906,,
6305771.0,chimpanzee,1.5555555555555556,2.6034165586355513,0.7777777777777778,0.44095855184409843,8389.777777774467,6968.647131583311,,
6305771.0,robot,-1.6666666666666667,2.0,0.3333333333333333,0.5,4516.144444439146,1681.9992264544528,,
6305771.0,rock,-2.5555555555555554,0.8819171036881968,0.0,0.0,7263.5666666660045,3834.657666267513,,
6305771.0,autonomous_car,-1.2222222222222223,2.5385910352879693,0.2222222222222222,0.44095855184409843,6761.599999997351,4098.304870310679,,
6305771.0,computer,-1.2222222222222223,2.3333333333333335,0.3333333333333333,0.5,4665.033333334658,2014.346861268494,,
6305779.0,jelly_fish,-1.1111111111111112,2.4209731743889917,0.2222222222222222,0.44095855184409843,4515.377777735393,3234.0042230881418,,
6305779.0,artificial_intelligence,1.3333333333333333,1.224744871391589,0.8888888888888888,0.33333333333333337,4448.377777894338,4586.40535036804,,
6305779.0,god,-3.0,0.0,0.0,0.0,2787.122222264608,388.55292355058947,,
6305779.0,virus,-0.1111111111111111,2.420973174388992,0.3333333333333333,0.5,3529.966666698456,1234.8353049777625,,
6305779.0,human,2.7777777777777777,0.6666666666666667,1.0,0.0,4774.88888894187,4616.6910290192645,,
6305779.0,chimpanzee,1.4444444444444444,2.1278575558006176,0.7777777777777778,0.44095855184409843,4300.544444508023,3332.8637435587857,,
6305779.0,robot,0.4444444444444444,2.2973414586817036,0.6666666666666666,0.5,3840.488888899485,2351.85394761901,,
6305779.0,rock,-2.3333333333333335,2.0,0.1111111111111111,0.33333333333333337,3002.155555460188,823.5254975754051,,
6305779.0,autonomous_car,0.1111111111111111,2.204792759220492,0.4444444444444444,0.5270462766947299,3553.100000063578,759.8982465121233,,
6305779.0,computer,0.4444444444444444,2.068278940998476,0.5555555555555556,0.5270462766947299,3441.844444433848,2433.925771767243,,
6305786.0,jelly_fish,-1.1111111111111112,1.3642254619787415,0.2222222222222222,0.44095855184409843,3421.6666666666665,1253.643190864131,,
6305786.0,artificial_intelligence,0.2222222222222222,1.7873008824606014,0.5555555555555556,0.5270462766947299,4637.666666666667,4336.199862783079,,
6305786.0,god,2.0,0.0,1.0,0.0,3392.3333333333335,1370.8001313101774,,
6305786.0,virus,0.2222222222222222,1.481365736219265,0.6666666666666666,0.5,4105.666666666667,1568.8218509442045,,
6305786.0,human,1.3333333333333333,2.0,0.7777777777777778,0.44095855184409843,4910.888888888889,2091.8723338461914,,
6305786.0,chimpanzee,0.4444444444444444,2.006932429798716,0.6666666666666666,0.5,3305.0,1267.0187449284244,,
6305786.0,robot,-1.1111111111111112,1.2692955176439846,0.1111111111111111,0.3333333333333333,6964.0,4142.775247343259,,
6305786.0,rock,-2.2222222222222223,0.6666666666666666,0.0,0.0,4931.666666666667,2702.2386552634466,,
6305786.0,autonomous_car,-0.3333333333333333,1.8708286933869707,0.4444444444444444,0.5270462766947299,3624.6666666666665,1534.7017625584456,,
6305786.0,computer,0.5555555555555556,1.810463415200036,0.5555555555555556,0.5270462766947299,3777.1111111111113,2279.9532037107933,,
6305794.0,jelly_fish,0.5555555555555556,1.810463415200036,0.6666666666666666,0.5,5333.4777777459885,5259.892918473124,,
6305794.0,artificial_intelligence,0.1111111111111111,1.8333333333333335,0.5555555555555556,0.5270462766947299,3864.74444437027,1714.2733191385848,,
6305794.0,god,-1.7777777777777777,0.8333333333333334,0.0,0.0,3264.1111110051474,892.2532213723854,,
6305794.0,virus,1.6666666666666667,1.5,0.8888888888888888,0.33333333333333337,4389.199999968211,2611.8473768617623,,
6305794.0,human,2.3333333333333335,0.5,1.0,0.0,4562.988888952467,5301.17762598725,,
6305794.0,chimpanzee,1.0,1.5,0.7777777777777778,0.44095855184409843,3773.033333301544,2063.821077550848,,
6305794.0,robot,-0.7777777777777778,1.7159383568311668,0.3333333333333333,0.5,2997.222222222222,577.6672869077375,,
6305794.0,rock,-1.2222222222222223,1.0929064207170003,0.1111111111111111,0.33333333333333337,3822.8555555873445,2086.7714806943877,,
6305794.0,autonomous_car,-1.3333333333333333,1.414213562373095,0.2222222222222222,0.44095855184409843,3559.8000000317893,1523.8364988361773,,
6305794.0,computer,-0.5555555555555556,1.810463415200036,0.4444444444444444,0.5270462766947299,3630.4111110899184,1912.9932353314987,,
6305793.0,jelly_fish,-1.8888888888888888,1.1666666666666665,0.1111111111111111,0.33333333333333337,9040.022222220898,11728.785091161517,,
6305793.0,artificial_intelligence,1.7777777777777777,1.0929064207170003,0.8888888888888888,0.33333333333333337,3766.7888888716698,1241.4108490317471,,
6305793.0,god,1.0,1.3228756555322954,0.7777777777777778,0.44095855184409843,9680.511111107138,13220.209085362252,,
6305793.0,virus,-0.8888888888888888,1.69148192751537,0.2222222222222222,0.44095855184409843,6805.666666653421,3915.689877278959,,
6305793.0,human,0.5555555555555556,2.2422706745122847,0.5555555555555556,0.5270462766947299,5934.444444451067,2506.1615680765767,,
6305793.0,chimpanzee,-0.7777777777777778,2.1666666666666665,0.3333333333333333,0.5,3550.5222222275206,821.9029029775929,,
6305793.0,robot,0.6666666666666666,2.0615528128088303,0.6666666666666666,0.5,8982.65555555953,13398.936880019679,,
6305793.0,rock,-2.6666666666666665,0.7071067811865475,0.0,0.0,7919.566666675939,11457.819666067347,,
6305793.0,autonomous_car,0.5555555555555556,2.2422706745122847,0.5555555555555556,0.5270462766947299,6211.100000003974,6163.119250035822,,
6305793.0,computer,1.6666666666666667,1.5000000000000002,0.8888888888888888,0.33333333333333337,6931.922222236793,5963.918989604965,,
6305797.0,jelly_fish,0.6666666666666666,2.1213203435596424,0.7777777777777778,0.44095855184409843,4211.111111111111,2461.7800188300967,,
6305797.0,artificial_intelligence,0.6666666666666666,2.1213203435596424,0.6666666666666666,0.5,5200.666666666667,4758.525874680098,,
6305797.0,god,-1.2222222222222223,1.481365736219265,0.2222222222222222,0.44095855184409843,3799.5555555555557,2236.2048268836597,,
6305797.0,virus,-0.1111111111111111,2.204792759220492,0.5555555555555556,0.5270462766947299,3707.3333333333335,2055.9941026180013,,
6305797.0,human,3.0,0.0,1.0,0.0,2365.222222222222,625.5391230326402,,
6305797.0,chimpanzee,2.111111111111111,1.9649710204252657,0.8888888888888888,0.33333333333333337,5249.666666666667,4558.454754629029,,
6305797.0,robot,-1.2222222222222223,1.7873008824606014,0.3333333333333333,0.5,4838.333333333333,2988.7981280106555,,
6305797.0,rock,-1.5555555555555556,0.881917103688197,0.0,0.0,2776.222222222222,1212.983901148092,,
6305797.0,autonomous_car,-0.8888888888888888,1.8333333333333333,0.4444444444444444,0.5270462766947299,5033.111111111111,3008.5631306507617,,
6305797.0,computer,-1.4444444444444444,1.2360330811826106,0.1111111111111111,0.3333333333333333,4663.666666666667,3184.535758945093,,
6305791.0,jelly_fish,-1.1111111111111112,1.90029237516523,0.2222222222222222,0.44095855184409843,7292.52222222223,4185.235710738932,,
6305791.0,artificial_intelligence,1.2222222222222223,1.6414763002993507,0.7777777777777778,0.44095855184409843,7526.811111111129,8651.506187139366,,
6305791.0,god,-0.4444444444444444,1.4240006242195886,0.3333333333333333,0.5,9487.422222222214,8431.993149572914,,
6305791.0,virus,-1.5555555555555556,1.8104634152000358,0.2222222222222222,0.44095855184409843,6248.244444444452,3101.9157693718394,,
6305791.0,human,2.4444444444444446,0.5270462766947298,1.0,0.0,5654.3222222222375,1942.4506317907599,,
6305791.0,chimpanzee,0.4444444444444444,2.455153310442706,0.5555555555555556,0.5270462766947299,6050.177777777788,1627.7623143273786,,
6305791.0,robot,1.4444444444444444,1.810463415200036,0.7777777777777778,0.44095855184409843,6655.944444444432,2853.187390494677,,
6305791.0,rock,-2.6666666666666665,0.5,0.0,0.0,5143.000000000013,2621.472897056148,,
6305791.0,autonomous_car,-0.2222222222222222,2.488864087178013,0.4444444444444444,0.5270462766947299,5463.255555555548,3223.4957693904016,,
6305791.0,computer,0.4444444444444444,1.7400510848184252,0.6666666666666666,0.5,8147.633333333393,4989.820686657992,,
6305803.0,jelly_fish,-0.4444444444444444,2.2973414586817036,0.3333333333333333,0.5,4343.522222222968,3488.5730739008786,,
6305803.0,artificial_intelligence,1.7777777777777777,0.97182531580755,1.0,0.0,4279.055555555556,1167.9344364211547,,
6305803.0,god,-3.0,0.0,0.0,0.0,10041.833333333334,13473.43119077289,,
6305803.0,virus,-1.2222222222222223,2.488864087178013,0.2222222222222222,0.44095855184409843,7719.566666666832,8821.510771971272,,
6305803.0,human,2.0,1.3228756555322954,0.8888888888888888,0.33333333333333337,5981.366666667991,4265.215557272676,,
6305803.0,chimpanzee,1.6666666666666667,1.6583123951777,0.7777777777777778,0.44095855184409843,4823.177777777943,2587.9186964518253,,
6305803.0,robot,0.5555555555555556,2.1278575558006176,0.5555555555555556,0.5270462766947299,5166.06666666766,2503.677058847343,,
6305803.0,rock,-2.3333333333333335,2.0,0.1111111111111111,0.33333333333333337,4085.188888890048,1975.3805357734223,,
6305803.0,autonomous_car,0.7777777777777778,1.986062547968831,0.6666666666666666,0.5,7859.577777776867,11199.281477931554,,
6305803.0,computer,0.2222222222222222,2.048034287907418,0.4444444444444444,0.5270462766947299,5247.333333333333,4281.200407304743,,
6305807.0,jelly_fish,-1.4444444444444444,2.068278940998476,0.2222222222222222,0.44095855184409843,7505.144444444941,7210.851395487045,,
6305807.0,artificial_intelligence,1.2222222222222223,2.048034287907418,0.7777777777777778,0.44095855184409843,10081.677777777943,8428.849660952563,,
6305807.0,god,3.0,0.0,1.0,0.0,8040.544444443451,8782.888024464439,,
6305807.0,virus,-1.6666666666666667,1.6583123951777,0.1111111111111111,0.33333333333333337,8846.588888889386,7203.564551049051,,
6305807.0,human,0.7777777777777778,2.048034287907418,0.6666666666666666,0.5,6477.455555556549,3008.6375762586235,,
6305807.0,chimpanzee,-0.4444444444444444,2.185812841434,0.4444444444444444,0.5270462766947299,7260.388888888061,4652.497165620939,,
6305807.0,robot,1.3333333333333333,2.06155281280883,0.7777777777777778,0.44095855184409843,7020.122222222388,2442.6141988538366,,
6305807.0,rock,-2.888888888888889,0.33333333333333337,0.0,0.0,5223.722222222223,1271.6597026881532,,
6305807.0,autonomous_car,-0.1111111111111111,2.3154073315749675,0.4444444444444444,0.5270462766947299,5601.744444446431,1482.832621294442,,
6305807.0,computer,0.2222222222222222,2.048034287907418,0.5555555555555556,0.5270462766947299,6744.188888888392,4449.765347588834,,
6305808.0,jelly_fish,-1.4444444444444444,1.130388330520878,0.1111111111111111,0.33333333333333337,4212.155555566152,1082.9382439646997,,
6305808.0,artificial_intelligence,0.4444444444444444,2.4037008503093262,0.6666666666666666,0.5,5211.922222223547,1791.7873330812906,,
6305808.0,god,2.5555555555555554,0.7264831572567788,1.0,0.0,4935.144444445769,1896.0556809418508,,
6305808.0,virus,0.0,1.5,0.4444444444444444,0.5270462766947299,6351.511111120383,6908.522466385043,,
6305808.0,human,1.0,1.5,0.7777777777777778,0.44095855184409843,4400.666666666667,1474.9310433058624,,
6305808.0,chimpanzee,-1.0,1.8027756377319946,0.2222222222222222,0.44095855184409843,5912.255555543635,3406.914866885667,,
6305808.0,robot,1.3333333333333333,1.9364916731037083,0.7777777777777778,0.44095855184409843,5081.500000006623,3303.2235762860837,,
6305808.0,rock,-2.111111111111111,0.6009252125773316,0.0,0.0,4129.24444444312,1739.3518262049063,,
6305808.0,autonomous_car,-0.5555555555555556,2.068278940998476,0.4444444444444444,0.5270462766947299,4862.755555550258,1532.1663601805399,,
6305808.0,computer,-0.2222222222222222,1.9860625479688307,0.5555555555555556,0.5270462766947299,6788.799999992053,6801.844468598148,,
6305811.0,jelly_fish,0.7777777777777778,1.922093765778466,0.7777777777777778,0.44095855184409843,8853.411111111338,11462.736194888734,,
6305811.0,artificial_intelligence,-0.3333333333333333,1.9364916731037085,0.5555555555555556,0.5270462766947299,4060.4888888892406,2151.193586386598,,
6305811.0,god,-1.4444444444444444,0.7264831572567789,0.0,0.0,3678.0000000001037,2196.7785044242346,,
6305811.0,virus,0.0,1.5811388300841898,0.6666666666666666,0.5,4582.177777777736,3208.1419235975786,,
6305811.0,human,2.888888888888889,0.33333333333333337,1.0,0.0,3995.9888888888268,2407.5035703221715,,
6305811.0,chimpanzee,1.6666666666666667,1.4142135623730951,0.8888888888888888,0.33333333333333337,4014.388888888682,1135.9549489794144,,
6305811.0,robot,-0.6666666666666666,1.6583123951777,0.4444444444444444,0.5270462766947299,8522.31111111078,13701.885683496728,,
6305811.0,rock,-1.3333333333333333,1.1180339887498947,0.1111111111111111,0.33333333333333337,9872.388888888785,14166.555500318775,,
6305811.0,autonomous_car,-1.0,1.3228756555322954,0.2222222222222222,0.44095855184409843,8090.311111111194,11470.374507665962,,
6305811.0,computer,-0.5555555555555556,1.5898986690282426,0.3333333333333333,0.5,5415.155555555701,5538.566726173705,,
6305813.0,jelly_fish,-1.7777777777777777,1.3944333775567925,0.1111111111111111,0.33333333333333337,3520.055555555659,1236.398783879271,,
6305813.0,artificial_intelligence,1.4444444444444444,2.2973414586817036,0.7777777777777778,0.44095855184409843,3874.9777777776535,1645.7142262386888,,
6305813.0,god,2.3333333333333335,2.0,0.8888888888888888,0.33333333333333337,5942.355555555369,7474.6083436044655,,
6305813.0,virus,-1.0,1.7320508075688772,0.3333333333333333,0.5,3749.8555555554726,1260.344211030376,,
6305813.0,human,2.888888888888889,0.33333333333333337,1.0,0.0,2881.4777777778604,1033.9062442717911,,
6305813.0,chimpanzee,-0.1111111111111111,2.3687784005919825,0.5555555555555556,0.5270462766947299,3915.5,1106.857799132402,,
6305813.0,robot,-0.7777777777777778,1.9860625479688307,0.4444444444444444,0.5270462766947299,6311.277777777777,5106.147770280909,,
6305813.0,rock,-2.0,0.8660254037844386,0.0,0.0,5252.566666666522,5316.783753595869,,
6305813.0,autonomous_car,-1.2222222222222223,1.5634719199411433,0.2222222222222222,0.44095855184409843,5941.0333333334165,7448.950023157734,,
6305813.0,computer,0.2222222222222222,2.488864087178013,0.6666666666666666,0.5,3783.744444444051,1504.6902439631501,,
6305814.0,jelly_fish,0.1111111111111111,1.9649710204252662,0.5555555555555556,0.5270462766947299,6590.455555551582,3071.29194033714,,
6305814.0,artificial_intelligence,1.1111111111111112,1.3642254619787415,0.8888888888888888,0.33333333333333337,7456.966666658719,3651.3132384063383,,
6305814.0,god,0.5555555555555556,1.5898986690282428,0.5555555555555556,0.5270462766947299,6900.533333328035,2484.8722904765355,,
6305814.0,virus,0.0,1.8027756377319946,0.5555555555555556,0.5270462766947299,7047.144444439146,3039.0941985624686,,
6305814.0,human,2.111111111111111,0.6009252125773316,1.0,0.0,6361.622222218249,1443.2224592744,,
6305814.0,chimpanzee,1.0,1.6583123951777,0.7777777777777778,0.44095855184409843,9971.088888876968,5202.934831296093,,
6305814.0,robot,-0.4444444444444444,1.130388330520878,0.3333333333333333,0.5,7048.977777772479,4321.058253717152,,
6305814.0,rock,-2.5555555555555554,0.7264831572567789,0.0,0.0,5832.75555555688,2044.3501364146198,,
6305814.0,autonomous_car,-0.6666666666666666,1.3228756555322951,0.2222222222222222,0.44095855184409843,6141.79999998543,1978.4786661828089,,
6305814.0,computer,-1.2222222222222223,1.3944333775567928,0.1111111111111111,0.3333333333333333,7002.077777776453,4630.961204424483,,
6305815.0,jelly_fish,-1.3333333333333333,2.0615528128088303,0.2222222222222222,0.44095855184409843,4712.666666666667,2396.040170781784,,
6305815.0,artificial_intelligence,0.7777777777777778,2.6352313834736494,0.6666666666666666,0.5,5876.666666666667,3603.5218883753155,,
6305815.0,god,2.111111111111111,2.0275875100994063,0.8888888888888888,0.33333333333333337,3890.222222222222,2347.4164936040734,,
6305815.0,virus,-2.2222222222222223,1.3944333775567928,0.1111111111111111,0.33333333333333337,5079.333333333333,3483.697891608858,,
6305815.0,human,2.888888888888889,0.33333333333333337,1.0,0.0,3966.3333333333335,2118.895643961731,,
6305815.0,chimpanzee,1.5555555555555556,1.8782379449307742,0.7777777777777778,0.44095855184409843,3591.5555555555557,1051.246535203697,,
6305815.0,robot,0.0,2.449489742783178,0.5555555555555556,0.5270462766947299,4143.0,2067.7403729675543,,
6305815.0,rock,-2.6666666666666665,0.7071067811865476,0.0,0.0,4508.888888888889,2721.363649186031,,
6305815.0,autonomous_car,-0.8888888888888888,2.5712081034235856,0.3333333333333333,0.5,3560.8888888888887,759.8125499826328,,
6305815.0,computer,-0.2222222222222222,2.5385910352879697,0.4444444444444444,0.5270462766947299,3437.3333333333335,819.6894228913778,,
6305818.0,jelly_fish,-2.3333333333333335,1.6583123951777,0.1111111111111111,0.33333333333333337,3508.944444431199,1706.6905014755457,,
6305818.0,artificial_intelligence,1.2222222222222223,1.7159383568311668,0.6666666666666666,0.5,7497.7444444232515,7241.9372764054915,,
6305818.0,god,-0.2222222222222222,2.223610677354389,0.4444444444444444,0.5270462766947299,6923.099999984105,7188.669366614388,,
6305818.0,virus,-0.7777777777777778,2.4888640871780128,0.3333333333333333,0.5,5472.411111089918,6142.839128089918,,
6305818.0,human,2.4444444444444446,0.7264831572567788,1.0,0.0,5050.755555563503,4370.398632868902,,
6305818.0,chimpanzee,0.2222222222222222,2.3333333333333335,0.4444444444444444,0.5270462766947299,4657.466666658719,2463.3003542025617,,
6305818.0,robot,1.2222222222222223,1.9860625479688307,0.7777777777777778,0.44095855184409843,7811.022222214275,8518.763058482125,,
6305818.0,rock,-2.888888888888889,0.33333333333333337,0.0,0.0,5311.144444439146,6245.623128032047,,
6305818.0,autonomous_car,0.5555555555555556,2.068278940998476,0.6666666666666666,0.5,5643.688888907433,3687.6620687867817,,
6305818.0,computer,0.5555555555555556,2.068278940998476,0.5555555555555556,0.5270462766947299,3479.055555568801,1236.8031412632429,,
6305816.0,jelly_fish,-2.111111111111111,1.6158932858054427,0.1111111111111111,0.33333333333333337,3944.200000000497,3368.8413731572914,,
6305816.0,artificial_intelligence,1.2222222222222223,2.488864087178013,0.6666666666666666,0.5,3874.2444444443618,2544.4305114852523,,
6305816.0,god,1.0,2.7838821814150108,0.6666666666666666,0.5,3062.8333333333335,2077.689663423838,,
6305816.0,virus,-0.1111111111111111,2.204792759220492,0.5555555555555556,0.5270462766947299,4903.18888888922,3611.9719404513976,,
6305816.0,human,2.888888888888889,0.33333333333333337,1.0,0.0,1998.6888888883923,289.28541029763375,,
6305816.0,chimpanzee,2.2222222222222223,1.9860625479688307,0.8888888888888888,0.33333333333333337,2339.122222221974,543.8374752122552,,
6305816.0,robot,-0.4444444444444444,2.650995620097811,0.4444444444444444,0.5270462766947299,4774.022222222553,5439.080568851237,,
6305816.0,rock,-2.7777777777777777,0.4409585518440984,0.0,0.0,2549.999999999586,836.503284512496,,
6305816.0,autonomous_car,-1.0,2.345207879911715,0.3333333333333333,0.5,5606.3888888893025,5516.922000864334,,
6305816.0,computer,-0.8888888888888888,2.5221243250702594,0.3333333333333333,0.5,2934.0,1395.5888380899453,,
6305817.0,jelly_fish,-0.2222222222222222,2.279132388529557,0.5555555555555556,0.5270462766947299,7486.511111100514,4974.162625942537,,
6305817.0,artificial_intelligence,1.2222222222222223,1.855921454276674,0.7777777777777778,0.44095855184409843,4621.611111217075,1409.5973923081542,,
6305817.0,god,2.3333333333333335,1.3228756555322954,0.8888888888888888,0.33333333333333337,4641.055555661519,2026.8666199789081,,
6305817.0,virus,-0.6666666666666666,1.9364916731037085,0.4444444444444444,0.5270462766947299,6394.255555682712,5358.25984001064,,
6305817.0,human,2.5555555555555554,0.7264831572567788,1.0,0.0,6710.166666613684,4192.60697652775,,
6305817.0,chimpanzee,0.7777777777777778,2.1081851067789197,0.6666666666666666,0.5,5340.52222220103,2764.9315831141425,,
6305817.0,robot,-1.1111111111111112,1.6914819275153699,0.3333333333333333,0.5,6640.877777788374,3656.240673697293,,
6305817.0,rock,-2.4444444444444446,0.7264831572567788,0.0,0.0,6489.188888920678,3764.594117077454,,
6305817.0,autonomous_car,-1.1111111111111112,1.6914819275153699,0.2222222222222222,0.44095855184409843,6205.088888910082,2549.6473115976137,,
6305817.0,computer,-1.3333333333333333,1.4999999999999998,0.1111111111111111,0.3333333333333333,5876.788888931274,3935.5329934994556,,
6305822.0,jelly_fish,-1.0,1.8708286933869707,0.3333333333333333,0.5,19676.077777781422,21975.34910352671,,
6305822.0,artificial_intelligence,0.7777777777777778,2.4381231397212986,0.6666666666666666,0.5,5828.766666665673,2863.45600454825,,
6305822.0,god,3.0,0.0,1.0,0.0,6719.855555555887,6432.796617935404,,
6305822.0,virus,1.4444444444444444,1.7400510848184252,0.8888888888888888,0.33333333333333337,25645.266666664018,53538.96105977283,,
6305822.0,human,0.7777777777777778,2.386303510546059,0.6666666666666666,0.5,7980.200000001325,3237.4979443995467,,
6305822.0,chimpanzee,-0.7777777777777778,1.9860625479688307,0.4444444444444444,0.5270462766947299,26371.966666667,53050.84563965245,,
6305822.0,robot,-0.2222222222222222,2.488864087178013,0.4444444444444444,0.5270462766947299,15820.899999996027,23002.839519177654,,
6305822.0,rock,-2.4444444444444446,0.7264831572567788,0.0,0.0,7286.777777781089,4848.43926866964,,
6305822.0,autonomous_car,-1.7777777777777777,1.5634719199411433,0.1111111111111111,0.3333333333333333,14111.900000000993,20118.942722969423,,
6305822.0,computer,0.2222222222222222,2.048034287907418,0.4444444444444444,0.5270462766947299,17757.39999999768,19998.082667849583,,
6305830.0,jelly_fish,0.0,2.0615528128088303,0.5555555555555556,0.5270462766947299,5242.688888887565,6189.790763112976,,
6305830.0,artificial_intelligence,0.0,2.0,0.5555555555555556,0.5270462766947299,3886.5000000033115,2956.927545613953,,
6305830.0,god,-2.4444444444444446,0.5270462766947298,0.0,0.0,4363.377777780096,2141.4261403208975,,
6305830.0,virus,2.888888888888889,0.33333333333333337,1.0,0.0,2905.3888888872334,1161.8987019583956,,
6305830.0,human,1.1111111111111112,1.8333333333333333,0.7777777777777778,0.44095855184409843,4365.25555555688,2140.7147819755123,,
6305830.0,chimpanzee,1.5555555555555556,1.4240006242195886,0.8888888888888888,0.33333333333333337,3550.7666666656733,2272.3481769953564,,
6305830.0,robot,-0.6666666666666666,1.9364916731037085,0.2222222222222222,0.44095855184409843,3740.7555555535687,1167.6271741371659,,
6305830.0,rock,-1.8888888888888888,1.536590742882148,0.1111111111111111,0.33333333333333337,3612.6222222232154,2679.073344822683,,
6305830.0,autonomous_car,-0.6666666666666666,2.121320343559643,0.3333333333333333,0.5,4373.822222219573,2299.1929865597185,,
6305830.0,computer,0.1111111111111111,2.1473497877875207,0.5555555555555556,0.5270462766947299,6199.799999998675,6582.720889762877,,
6305833.0,jelly_fish,0.6666666666666666,1.5811388300841898,0.6666666666666666,0.5,8989.222222222223,15715.111825705997,,
6305833.0,artificial_intelligence,-0.2222222222222222,1.922093765778466,0.4444444444444444,0.5270462766947299,4874.888888888889,4748.117586066199,,
6305833.0,god,0.6666666666666666,1.8708286933869709,0.6666666666666666,0.5,8693.888888888889,15813.414894042055,,
6305833.0,virus,1.2222222222222223,1.986062547968831,0.7777777777777778,0.44095855184409843,3513.5555555555557,1591.149043231896,,
6305833.0,human,1.5555555555555556,1.8104634152000358,0.7777777777777778,0.44095855184409843,2971.4444444444443,1128.505661384903,,
6305833.0,chimpanzee,-0.1111111111111111,1.8333333333333335,0.5555555555555556,0.5270462766947299,7672.333333333333,10120.578861903108,,
6305833.0,robot,-0.6666666666666666,1.8708286933869707,0.2222222222222222,0.44095855184409843,2583.5555555555557,645.6684735820526,,
6305833.0,rock,-2.4444444444444446,0.7264831572567788,0.0,0.0,3555.3333333333335,1247.2120910254198,,
6305833.0,autonomous_car,-0.3333333333333333,2.0,0.4444444444444444,0.5270462766947299,2730.4444444444443,1036.8117127896355,,
6305833.0,computer,-0.3333333333333333,2.5,0.4444444444444444,0.5270462766947299,6284.444444444444,9522.559964514678,,
6305836.0,jelly_fish,-1.2222222222222223,1.6414763002993507,0.2222222222222222,0.44095855184409843,9129.75555555688,6787.3348072159015,,
6305836.0,artificial_intelligence,0.6666666666666666,2.0,0.6666666666666666,0.5,6325.977777777447,2872.7009715506383,,
6305836.0,god,1.5555555555555556,1.4240006242195886,0.8888888888888888,0.33333333333333337,9135.322222221228,6796.465094587653,,
6305836.0,virus,-1.7777777777777777,0.6666666666666666,0.0,0.0,5713.277777781089,2370.9333888670812,,
6305836.0,human,2.6666666666666665,0.5,1.0,0.0,6484.511111112104,3306.7180464314533,,
6305836.0,chimpanzee,0.1111111111111111,2.0883273476902784,0.5555555555555556,0.5270462766947299,5443.322222222884,1954.2900237569627,,
6305836.0,robot,-0.2222222222222222,2.6352313834736494,0.4444444444444444,0.5270462766947299,8700.444444442788,6136.034032687588,,
6305836.0,rock,-1.7777777777777777,1.6414763002993507,0.2222222222222222,0.44095855184409843,9471.511111110449,7530.867540235985,,
6305836.0,autonomous_car,-1.2222222222222223,1.3944333775567928,0.2222222222222222,0.44095855184409843,5729.355555555887,3178.967595036122,,
6305836.0,computer,1.2222222222222223,1.986062547968831,0.7777777777777778,0.44095855184409843,5372.588888888557,1316.4912166875758,,
6305835.0,jelly_fish,-1.0,1.8708286933869707,0.2222222222222222,0.44095855184409843,3985.4111111089587,1152.50028030941,,
6305835.0,artificial_intelligence,1.1111111111111112,1.6158932858054431,0.7777777777777778,0.44095855184409843,6792.0222222233815,6543.683755495912,,
6305835.0,god,-0.6666666666666666,1.6583123951777,0.2222222222222222,0.44095855184409843,4607.777777777777,1646.614136477248,,
6305835.0,virus,-0.4444444444444444,2.0069324297987157,0.4444444444444444,0.5270462766947299,4232.544444444279,1252.6761943042436,,
6305835.0,human,2.4444444444444446,0.5270462766947299,1.0,0.0,3793.388888888061,481.9824230309227,,
6305835.0,chimpanzee,1.3333333333333333,1.414213562373095,0.8888888888888888,0.33333333333333337,4907.266666666501,1446.8735881219343,,
6305835.0,robot,-0.2222222222222222,1.7873008824606014,0.4444444444444444,0.5270462766947299,7025.400000000165,6324.749598799167,,
6305835.0,rock,-2.888888888888889,0.33333333333333337,0.0,0.0,3796.4111111106145,1126.9070219467515,,
6305835.0,autonomous_car,0.7777777777777778,1.7159383568311668,0.6666666666666666,0.5,4679.700000000496,1450.3643585345585,,
6305835.0,computer,-0.4444444444444444,1.7400510848184252,0.3333333333333333,0.5,4658.322222222884,1063.3595873220743,,
6305839.0,jelly_fish,-1.6666666666666667,1.8708286933869709,0.1111111111111111,0.33333333333333337,4709.077777796321,1681.893703363352,,
6305839.0,artificial_intelligence,1.1111111111111112,2.1473497877875207,0.7777777777777778,0.44095855184409843,5963.3888889153795,4229.81497156335,,
6305839.0,god,2.888888888888889,0.33333333333333337,1.0,0.0,4638.444444444444,2951.2375620735124,,
6305839.0,virus,-0.7777777777777778,2.1666666666666665,0.3333333333333333,0.5,6863.111111124356,5187.413634330799,,
6305839.0,human,1.6666666666666667,1.4142135623730951,0.8888888888888888,0.33333333333333337,4912.36666668786,2343.5001456066416,,
6305839.0,chimpanzee,0.4444444444444444,2.242270674512285,0.5555555555555556,0.5270462766947299,4882.588888910082,1831.7044961203994,,
6305839.0,robot,0.4444444444444444,2.4037008503093262,0.5555555555555556,0.5270462766947299,7792.466666671965,4301.036049032213,,
6305839.0,rock,-3.0,0.0,0.0,0.0,4811.7222222487135,2320.318119745244,,
6305839.0,autonomous_car,-0.8888888888888888,2.260776661041756,0.3333333333333333,0.5,5775.722222235468,2900.611833660222,,
6305839.0,computer,-0.2222222222222222,2.386303510546059,0.4444444444444444,0.5270462766947299,7224.622222224872,4870.821689606504,,
6305841.0,jelly_fish,-1.5555555555555556,1.3333333333333335,0.1111111111111111,0.33333333333333337,3416.5555555555557,2339.0745558399326,,
6305841.0,artificial_intelligence,0.6666666666666666,1.8027756377319946,0.6666666666666666,0.5,3043.3333333333335,1298.4067159407332,,
6305841.0,god,1.4444444444444444,1.7400510848184252,0.7777777777777778,0.44095855184409843,3613.3333333333335,1327.2678704767927,,
6305841.0,virus,0.2222222222222222,2.1081851067789197,0.5555555555555556,0.5270462766947299,4210.222222222223,4223.760344106238,,
6305841.0,human,1.2222222222222223,1.5634719199411433,0.7777777777777778,0.44095855184409843,3329.5555555555557,2173.262473282456,,
6305841.0,chimpanzee,0.8888888888888888,1.6914819275153699,0.7777777777777778,0.44095855184409843,3160.5555555555557,1862.7479104209935,,
6305841.0,robot,0.1111111111111111,2.0275875100994063,0.5555555555555556,0.5270462766947299,5896.222222222223,5357.825089945028,,
6305841.0,rock,-2.0,0.5,0.0,0.0,2697.1111111111113,1202.5194847116245,,
6305841.0,autonomous_car,-0.7777777777777778,2.1081851067789197,0.3333333333333333,0.5,3523.1111111111113,1766.120921995748,,
6305841.0,computer,-0.2222222222222222,2.1081851067789197,0.4444444444444444,0.5270462766947299,4281.555555555556,4221.816644263199,,
6305840.0,jelly_fish,-1.3333333333333333,2.5495097567963922,0.2222222222222222,0.44095855184409843,7522.5777777777985,4441.022426136224,,
6305840.0,artificial_intelligence,0.4444444444444444,2.455153310442706,0.6666666666666666,0.5,10298.18888888891,6300.336631967478,,
6305840.0,god,2.5555555555555554,1.3333333333333335,0.8888888888888888,0.33333333333333337,8998.633333333406,11075.320663303546,,
6305840.0,virus,0.0,2.5,0.4444444444444444,0.5270462766947299,6878.433333333374,5616.490709731504,,
6305840.0,human,2.7777777777777777,0.6666666666666667,1.0,0.0,4968.300000000072,1375.1942844558566,,
6305840.0,chimpanzee,0.3333333333333333,2.3979157616563596,0.5555555555555556,0.5270462766947299,6717.044444444434,4545.451829881952,,
6305840.0,robot,0.5555555555555556,2.5549516194593154,0.6666666666666666,0.5,7572.711111111204,5437.989496459992,,
6305840.0,rock,-2.7777777777777777,0.6666666666666667,0.0,0.0,4783.633333333354,1195.5376342884492,,
6305840.0,autonomous_car,-0.2222222222222222,2.488864087178013,0.4444444444444444,0.5270462766947299,6355.07777777785,4977.610187323091,,
6305840.0,computer,-2.3333333333333335,1.3228756555322954,0.1111111111111111,0.3333333333333333,9363.822222222316,10876.457063168256,,
6305838.0,jelly_fish,-1.4444444444444444,1.4240006242195888,0.1111111111111111,0.33333333333333337,5314.211111115084,1985.2644266231657,,
6305838.0,artificial_intelligence,2.4444444444444446,1.3333333333333335,0.8888888888888888,0.33333333333333337,11895.86666668786,14168.07441318951,,
6305838.0,god,1.2222222222222223,2.1666666666666665,0.7777777777777778,0.44095855184409843,7589.488888872995,6221.744866893675,,
6305838.0,virus,0.2222222222222222,2.1666666666666665,0.5555555555555556,0.5270462766947299,10388.455555551582,14376.803556361787,,
6305838.0,human,1.8888888888888888,1.90029237516523,0.8888888888888888,0.33333333333333337,7915.055555562179,8501.292715982887,,
6305838.0,chimpanzee,0.0,2.0615528128088303,0.5555555555555556,0.5270462766947299,8423.833333339957,6153.361662133785,,
6305838.0,robot,-0.6666666666666666,2.1213203435596424,0.3333333333333333,0.5,9169.400000009271,8901.534403260459,,
6305838.0,rock,-2.6666666666666665,0.5,0.0,0.0,8274.244444429874,9152.423055964799,,
6305838.0,autonomous_car,-0.3333333333333333,2.39791576165636,0.5555555555555556,0.5270462766947299,5589.366666667991,1713.436113484519,,
6305838.0,computer,-0.6666666666666666,1.8708286933869707,0.3333333333333333,0.5,10920.788888884916,8113.890091460045,,
6305812.0,jelly_fish,0.8888888888888888,0.7817359599705717,0.8888888888888888,0.33333333333333337,7263.666666640176,5758.632045875954,,
6305812.0,artificial_intelligence,0.3333333333333333,1.3228756555322954,0.5555555555555556,0.5270462766947299,4559.155555566152,2131.0628663693383,,
6305812.0,god,-0.2222222222222222,1.2018504251546631,0.3333333333333333,0.5,6052.366666661368,3998.3380097622894,,
6305812.0,virus,-0.4444444444444444,1.1303883305208782,0.3333333333333333,0.5,9851.666666693158,11623.98854105169,,
6305812.0,human,0.7777777777777778,1.0929064207170003,0.7777777777777778,0.44095855184409843,4153.433333317439,1088.5942253943165,,
6305812.0,chimpanzee,0.0,1.224744871391589,0.4444444444444444,0.5270462766947299,5104.311111158795,2943.8360405706435,,
6305812.0,robot,-0.7777777777777778,0.6666666666666667,0.1111111111111111,0.33333333333333337,10033.233333349228,11572.373762124866,,
6305812.0,rock,0.7777777777777778,0.6666666666666667,0.8888888888888888,0.33333333333333337,4462.988888872995,806.6906260385649,,
6305812.0,autonomous_car,-1.1111111111111112,0.927960727138337,0.1111111111111111,0.3333333333333333,4309.077777730094,1765.3844190448715,,
6305812.0,computer,-0.2222222222222222,1.4813657362192647,0.5555555555555556,0.5270462766947299,5539.277777724796,5268.525928303378,,
6305846.0,jelly_fish,-1.5555555555555556,2.1278575558006176,0.2222222222222222,0.44095855184409843,5862.011111100514,2835.489461469728,,
6305846.0,artificial_intelligence,0.8888888888888888,1.6158932858054431,0.6666666666666666,0.5,9085.733333349228,6910.627233449182,,
6305846.0,god,-3.0,0.0,0.0,0.0,5447.5444444285495,5121.052077703211,,
6305846.0,virus,0.3333333333333333,2.0,0.3333333333333333,0.5,8893.611111111111,6054.042877143195,,
6305846.0,human,1.7777777777777777,1.3017082793177757,0.8888888888888888,0.33333333333333337,7684.388888902135,6592.318308176404,,
6305846.0,chimpanzee,1.0,1.6583123951777,0.7777777777777778,0.44095855184409843,4964.111111111111,1475.1414376548055,,
6305846.0,robot,0.4444444444444444,1.740051084818425,0.5555555555555556,0.5270462766947299,7031.944444444444,5708.279382238224,,
6305846.0,rock,-1.7777777777777777,1.9220937657784658,0.1111111111111111,0.33333333333333337,3870.800000005298,569.7899086567628,,
6305846.0,autonomous_car,0.3333333333333333,1.9364916731037085,0.4444444444444444,0.5270462766947299,7553.033333301544,5854.760132793421,,
6305846.0,computer,1.5555555555555556,0.881917103688197,1.0,0.0,5884.955555558205,2867.461772658061,,
6305844.0,jelly_fish,-1.1111111111111112,2.1473497877875207,0.2222222222222222,0.44095855184409843,6603.57777776983,5898.828254764273,,
6305844.0,artificial_intelligence,0.1111111111111111,2.571208103423585,0.5555555555555556,0.5270462766947299,7612.322222232819,4006.6089638612934,,
6305844.0,god,1.8888888888888888,2.2607766610417563,0.7777777777777778,0.44095855184409843,5361.144444452391,4271.533393040924,,
6305844.0,virus,0.4444444444444444,2.6034165586355518,0.6666666666666666,0.5,4077.788888891538,1321.0164944426526,,
6305844.0,human,3.0,0.0,1.0,0.0,3389.04444442855,1018.9945977457493,,
6305844.0,chimpanzee,1.4444444444444444,2.5549516194593154,0.7777777777777778,0.44095855184409843,4968.06666665607,5896.780869027917,,
6305844.0,robot,-1.8888888888888888,1.90029237516523,0.1111111111111111,0.3333333333333333,4861.388888875644,1721.946523903832,,
6305844.0,rock,-2.888888888888889,0.33333333333333337,0.0,0.0,3473.1222222116257,744.2109004928208,,
6305844.0,autonomous_car,-1.0,2.1213203435596424,0.3333333333333333,0.5,6224.399999989404,3838.1959456826557,,
6305844.0,computer,0.0,2.29128784747792,0.5555555555555556,0.5270462766947299,7387.122222211626,5668.559076550778,,
6305848.0,jelly_fish,0.2222222222222222,2.3333333333333335,0.5555555555555556,0.5270462766947299,4703.777777777777,2309.084763373671,,
6305848.0,artificial_intelligence,0.4444444444444444,2.0682789409984763,0.7777777777777778,0.44095855184409843,7680.888888888889,7035.011184149681,,
6305848.0,god,-1.3333333333333333,1.5811388300841895,0.2222222222222222,0.44095855184409843,6741.555555555556,7915.936364560909,,
6305848.0,virus,-1.4444444444444444,1.5898986690282428,0.2222222222222222,0.44095855184409843,4191.555555555556,2113.32067556672,,
6305848.0,human,3.0,0.0,1.0,0.0,3657.1111111111113,771.8578956719372,,
6305848.0,chimpanzee,2.3333333333333335,2.0,0.8888888888888888,0.33333333333333337,3363.8888888888887,1030.6909629520924,,
6305848.0,robot,-0.6666666666666666,2.0,0.2222222222222222,0.44095855184409843,6778.666666666667,7940.332392286861,,
6305848.0,rock,-2.2222222222222223,0.97182531580755,0.0,0.0,4485.222222222223,1486.2319618567096,,
6305848.0,autonomous_car,0.1111111111111111,1.964971020425266,0.6666666666666666,0.5,5981.888888888889,7352.988685637365,,
6305848.0,computer,-0.4444444444444444,2.5055493963954847,0.4444444444444444,0.5270462766947299,4307.222222222223,1804.6967735451972,,
6305832.0,jelly_fish,-1.5555555555555556,1.130388330520878,0.1111111111111111,0.33333333333333337,5244.666666666667,3674.880984467388,,
6305832.0,artificial_intelligence,1.6666666666666667,1.118033988749895,0.8888888888888888,0.33333333333333337,6450.111111111111,5570.304938790256,,
6305832.0,god,-0.6666666666666666,1.8708286933869709,0.3333333333333333,0.5,5497.444444444444,2083.1558457728934,,
6305832.0,virus,-0.6666666666666666,1.5811388300841898,0.3333333333333333,0.5,4763.333333333333,1834.9871252954338,,
6305832.0,human,0.3333333333333333,2.23606797749979,0.5555555555555556,0.5270462766947299,9423.222222222223,6767.073310851925,,
6305832.0,chimpanzee,-0.7777777777777778,1.855921454276674,0.3333333333333333,0.5,4794.333333333333,2162.8522834442483,,
6305832.0,robot,0.7777777777777778,1.855921454276674,0.6666666666666666,0.5,8672.222222222223,6755.916865566393,,
6305832.0,rock,-1.7777777777777777,1.0929064207170003,0.1111111111111111,0.33333333333333337,9889.888888888889,7190.231575624746,,
6305832.0,autonomous_car,1.2222222222222223,1.6414763002993509,0.7777777777777778,0.44095855184409843,8436.666666666666,6092.938781901555,,
6305832.0,computer,1.4444444444444444,1.3333333333333335,0.8888888888888888,0.33333333333333337,10239.0,7231.1826833513205,,
6305853.0,jelly_fish,-1.0,1.5811388300841898,0.3333333333333333,0.5,6325.799999999504,3080.0122978639415,,
6305853.0,artificial_intelligence,1.1111111111111112,1.8333333333333333,0.7777777777777778,0.44095855184409843,4698.444444444444,1449.3342162082981,,
6305853.0,god,2.888888888888889,0.33333333333333337,1.0,0.0,4505.588888889386,2204.585159641424,,
6305853.0,virus,-0.7777777777777778,1.7159383568311666,0.2222222222222222,0.44095855184409843,6318.166666667495,3499.803252685572,,
6305853.0,human,1.7777777777777777,1.855921454276674,0.8888888888888888,0.33333333333333337,4251.7666666673285,1510.8571681331396,,
6305853.0,chimpanzee,-0.3333333333333333,2.1213203435596424,0.4444444444444444,0.5270462766947299,6556.355555555887,4923.184728433451,,
6305853.0,robot,0.0,2.0615528128088303,0.5555555555555556,0.5270462766947299,5056.200000002153,3131.7902627717554,,
6305853.0,rock,-2.2222222222222223,0.8333333333333334,0.0,0.0,5334.12222222156,3190.82766331018,,
6305853.0,autonomous_car,-1.6666666666666667,1.2247448713915892,0.1111111111111111,0.3333333333333333,5415.133333332837,4720.469488832914,,
6305853.0,computer,0.2222222222222222,1.986062547968831,0.6666666666666666,0.5,5805.955555555721,3778.654684245143,,
6305851.0,jelly_fish,-1.3333333333333333,1.414213562373095,0.2222222222222222,0.44095855184409843,4514.7333333326715,5028.339600952112,,
6305851.0,artificial_intelligence,1.5555555555555556,1.8782379449307742,0.8888888888888888,0.33333333333333337,3368.855555555059,2076.9410319704707,,
6305851.0,god,-1.6666666666666667,1.3228756555322954,0.1111111111111111,0.33333333333333337,4399.144444444113,2130.821924229011,,
6305851.0,virus,0.3333333333333333,1.8708286933869709,0.6666666666666666,0.5,4381.48888888831,2035.2697766172657,,
6305851.0,human,2.888888888888889,0.33333333333333337,1.0,0.0,2803.9888888878954,1116.6253461259707,,
6305851.0,chimpanzee,0.3333333333333333,1.9364916731037085,0.5555555555555556,0.5270462766947299,4908.022222222553,2291.3348853775046,,
6305851.0,robot,0.4444444444444444,1.4240006242195884,0.6666666666666666,0.5,3471.844444444196,1911.7277657334382,,
6305851.0,rock,-2.3333333333333335,0.8660254037844387,0.0,0.0,4840.266666666501,4841.008821258551,,
6305851.0,autonomous_car,-0.1111111111111111,2.3687784005919825,0.5555555555555556,0.5270462766947299,5484.566666666418,4808.512242627559,,
6305851.0,computer,-0.1111111111111111,2.204792759220492,0.3333333333333333,0.5,5189.311111110366,4818.377551220792,,
6305852.0,jelly_fish,0.0,2.0615528128088303,0.4444444444444444,0.5270462766947299,7125.233333333395,5534.107992712199,,
6305852.0,artificial_intelligence,-0.4444444444444444,2.0069324297987157,0.3333333333333333,0.5,5681.17777777784,2880.9965965693696,,
6305852.0,god,-3.0,0.0,0.0,0.0,11023.433333333374,21757.795599393907,,
6305852.0,virus,0.4444444444444444,1.9436506316151003,0.6666666666666666,0.5,8436.511111111276,8779.93831006847,,
6305852.0,human,2.7777777777777777,0.4409585518440984,1.0,0.0,4775.988888888827,2273.0848518282883,,
6305852.0,chimpanzee,1.2222222222222223,1.7873008824606014,0.8888888888888888,0.33333333333333337,5043.700000000083,2749.522897249711,,
6305852.0,robot,0.3333333333333333,1.6583123951777,0.5555555555555556,0.5270462766947299,7902.600000000041,6299.325928224209,,
6305852.0,rock,-1.7777777777777777,1.855921454276674,0.1111111111111111,0.33333333333333337,7706.644444444424,6438.251507806823,,
6305852.0,autonomous_car,0.1111111111111111,2.3687784005919825,0.4444444444444444,0.5270462766947299,14464.600000000042,21120.572359136146,,
6305852.0,computer,0.3333333333333333,1.9364916731037085,0.5555555555555556,0.5270462766947299,9508.088888888764,8500.872795108133,,
6305834.0,jelly_fish,0.0,1.8708286933869707,0.6666666666666666,0.5,3595.277777776122,1097.0928182893965,,
6305834.0,artificial_intelligence,0.0,2.0615528128088303,0.5555555555555556,0.5270462766947299,4787.544444443451,3616.045605044963,,
6305834.0,god,3.0,0.0,1.0,0.0,3265.0666666660045,1295.46881282446,,
6305834.0,virus,-1.0,1.4142135623730951,0.2222222222222222,0.44095855184409843,4766.077777773142,4473.747003848922,,
6305834.0,human,2.3333333333333335,2.0,0.8888888888888888,0.33333333333333337,5879.588888890214,7400.788289844637,,
6305834.0,chimpanzee,0.1111111111111111,1.7638342073763937,0.7777777777777778,0.44095855184409843,3001.13333333532,765.8806499654047,,
6305834.0,robot,-0.7777777777777778,1.5634719199411433,0.3333333333333333,0.5,4813.166666668322,4078.5297258904866,,
6305834.0,rock,-1.7777777777777777,0.8333333333333334,0.0,0.0,5947.522222220898,7340.285341146133,,
6305834.0,autonomous_car,-1.1111111111111112,1.4529663145135578,0.2222222222222222,0.44095855184409843,5684.9666666686535,4485.5502577700745,,
6305834.0,computer,-0.7777777777777778,1.7873008824606014,0.3333333333333333,0.5,3797.81111111078,1158.3939641193556,,
6305856.0,jelly_fish,0.2222222222222222,1.7873008824606014,0.6666666666666666,0.5,4288.666666666667,3594.1830086961345,,
6305856.0,artificial_intelligence,1.3333333333333333,1.732050807568877,0.7777777777777778,0.44095855184409843,3201.3333333333335,844.0798244242069,,
6305856.0,god,-2.3333333333333335,0.7071067811865476,0.0,0.0,2871.1111111111113,1012.3097900895314,,
6305856.0,virus,0.3333333333333333,2.0615528128088303,0.5555555555555556,0.5270462766947299,3266.5555555555557,1061.8360409111087,,
6305856.0,human,2.6666666666666665,0.5,1.0,0.0,2980.222222222222,904.5472317377598,,
6305856.0,chimpanzee,1.2222222222222223,1.3944333775567928,0.8888888888888888,0.33333333333333337,3188.8888888888887,657.3839145515435,,
6305856.0,robot,-0.2222222222222222,2.048034287907418,0.4444444444444444,0.5270462766947299,6551.777777777777,6622.3671330155385,,
6305856.0,rock,-2.0,1.224744871391589,0.1111111111111111,0.33333333333333337,3590.222222222222,854.1735446877552,,
6305856.0,autonomous_car,-0.5555555555555556,1.8104634152000358,0.3333333333333333,0.5,7146.0,7857.315635762636,,
6305856.0,computer,-0.6666666666666666,1.6583123951777,0.2222222222222222,0.44095855184409843,5409.666666666667,5736.274444271298,,
6305850.0,jelly_fish,-0.8888888888888888,2.2607766610417563,0.2222222222222222,0.44095855184409843,4407.3444444073575,1295.822840061639,,
6305850.0,artificial_intelligence,1.1111111111111112,1.964971020425266,0.7777777777777778,0.44095855184409843,6722.088888910082,2843.2564633039756,,
6305850.0,god,-2.7777777777777777,0.4409585518440984,0.0,0.0,5911.877777788374,3245.416940367549,,
6305850.0,virus,-0.2222222222222222,1.986062547968831,0.4444444444444444,0.5270462766947299,7706.744444436497,8348.444741276848,,
6305850.0,human,-0.3333333333333333,2.345207879911715,0.4444444444444444,0.5270462766947299,5911.05555554231,2437.0530688294307,,
6305850.0,chimpanzee,0.0,2.29128784747792,0.5555555555555556,0.5270462766947299,6792.877777788374,2872.9507835113127,,
6305850.0,robot,1.6666666666666667,1.6583123951777001,0.7777777777777778,0.44095855184409843,7301.477777772479,2879.9572730221344,,
6305850.0,rock,-1.7777777777777777,1.8559214542766738,0.1111111111111111,0.33333333333333337,6683.833333333333,3337.412143398629,,
6305850.0,autonomous_car,0.6666666666666666,1.5811388300841898,0.6666666666666666,0.5,9233.188888894187,8359.54562199345,,
6305850.0,computer,2.5555555555555554,0.7264831572567788,1.0,0.0,4606.377777814865,1261.8681892214154,,
6305854.0,jelly_fish,0.3333333333333333,2.2912878474779204,0.6666666666666666,0.5,8646.444444417953,5735.112097501334,,
6305854.0,artificial_intelligence,-0.2222222222222222,2.488864087178013,0.4444444444444444,0.5270462766947299,68344.48888887299,178648.34898861902,,
6305854.0,god,2.6666666666666665,0.7071067811865475,1.0,0.0,9616.63333331214,7972.559333443857,,
6305854.0,virus,-0.4444444444444444,1.8104634152000358,0.5555555555555556,0.5270462766947299,6293.61111105813,2223.89542830706,,
6305854.0,human,2.4444444444444446,1.3333333333333335,0.8888888888888888,0.33333333333333337,7045.3444444073575,6230.269761618312,,
6305854.0,chimpanzee,1.0,2.0,0.7777777777777778,0.44095855184409843,6811.788888931274,3067.703405853559,,
6305854.0,robot,-1.1111111111111112,1.6914819275153699,0.2222222222222222,0.44095855184409843,72340.8000000053,178086.65832723025,,
6305854.0,rock,-2.3333333333333335,0.7071067811865476,0.0,0.0,5543.5,2425.5327801658063,,
6305854.0,autonomous_car,-0.7777777777777778,2.223610677354389,0.3333333333333333,0.5,13994.800000005298,18635.25985637742,,
6305854.0,computer,-1.5555555555555556,1.509230856356236,0.1111111111111111,0.3333333333333333,7972.811111158795,2938.8687659886514,,
6305858.0,jelly_fish,-1.2222222222222223,2.1666666666666665,0.2222222222222222,0.44095855184409843,6710.222222222223,7068.325151296058,,
6305858.0,artificial_intelligence,0.8888888888888888,2.0275875100994067,0.6666666666666666,0.5,3988.777777777778,1485.0036008186796,,
6305858.0,god,1.2222222222222223,1.6414763002993507,0.7777777777777778,0.44095855184409843,4013.3333333333335,1652.9913792878656,,
6305858.0,virus,-1.3333333333333333,1.732050807568877,0.1111111111111111,0.33333333333333337,8330.0,12290.360806339251,,
6305858.0,human,2.888888888888889,0.33333333333333337,1.0,0.0,7272.777777777777,12563.911978139786,,
6305858.0,chimpanzee,0.6666666666666666,2.0,0.6666666666666666,0.5,6428.0,8804.891680196866,,
6305858.0,robot,0.0,2.23606797749979,0.5555555555555556,0.5270462766947299,5715.666666666667,5795.593994578985,,
6305858.0,rock,-2.888888888888889,0.33333333333333337,0.0,0.0,5127.333333333333,7510.132888304975,,
6305858.0,autonomous_car,-0.7777777777777778,1.922093765778466,0.3333333333333333,0.5,5582.111111111111,5885.289063513458,,
6305858.0,computer,0.5555555555555556,2.2422706745122847,0.6666666666666666,0.5,6460.0,8840.357713350744,,
6305861.0,jelly_fish,0.6666666666666666,2.7838821814150108,0.6666666666666666,0.5,7130.7333334287005,2944.900490277728,,
6305861.0,artificial_intelligence,0.1111111111111111,2.5221243250702594,0.5555555555555556,0.5270462766947299,7827.47777779897,4191.840384807046,,
6305861.0,god,2.0,1.9364916731037085,0.8888888888888888,0.33333333333333337,6246.955555491977,2009.1174420174723,,
6305861.0,virus,-0.1111111111111111,2.758824226207808,0.4444444444444444,0.5270462766947299,6861.233333322737,2661.9194579202735,,
6305861.0,human,3.0,0.0,1.0,0.0,6370.288888878293,2585.528574869261,,
6305861.0,chimpanzee,1.4444444444444444,2.2973414586817036,0.7777777777777778,0.44095855184409843,6556.699999915229,4605.788643645983,,
6305861.0,robot,-1.0,2.29128784747792,0.3333333333333333,0.5,7998.455555544959,7304.608983975567,,
6305861.0,rock,-2.5555555555555554,0.7264831572567789,0.0,0.0,5958.233333322737,2119.0754870909036,,
6305861.0,autonomous_car,-2.111111111111111,1.3642254619787415,0.1111111111111111,0.3333333333333333,6400.666666613684,2106.810259060994,,
6305861.0,computer,-1.4444444444444444,1.7400510848184252,0.2222222222222222,0.44095855184409843,9209.744444529215,7195.764697800908,,
6305865.0,jelly_fish,0.7777777777777778,1.9220937657784658,0.7777777777777778,0.44095855184409843,2977.3888888922,766.8970342308218,,
6305865.0,artificial_intelligence,-0.6666666666666666,1.6583123951777,0.4444444444444444,0.5270462766947299,3030.577777779765,856.1382726807166,,
6305865.0,god,-1.3333333333333333,1.1180339887498947,0.1111111111111111,0.33333333333333337,3407.8333333333335,1581.169184486124,,
6305865.0,virus,0.5555555555555556,2.0069324297987157,0.6666666666666666,0.5,2602.077777779765,534.3636116444602,,
6305865.0,human,3.0,0.0,1.0,0.0,2605.044444445107,696.4263835993553,,
6305865.0,chimpanzee,1.4444444444444444,1.666666666666667,0.8888888888888888,0.33333333333333337,3841.1777777771154,2549.3974370297324,,
6305865.0,robot,-0.3333333333333333,1.6583123951777001,0.5555555555555556,0.5270462766947299,4149.188888894187,2402.098864240601,,
6305865.0,rock,-1.4444444444444444,0.7264831572567789,0.0,0.0,3185.300000001987,994.5591121200346,,
6305865.0,autonomous_car,-1.1111111111111112,1.3642254619787417,0.2222222222222222,0.44095855184409843,3491.9777777791023,1620.8361474645833,,
6305865.0,computer,-0.8888888888888888,1.536590742882148,0.3333333333333333,0.5,2831.122222224871,876.4887503217276,,
6305867.0,jelly_fish,-0.8888888888888888,1.9002923751652299,0.2222222222222222,0.44095855184409843,5786.900000000011,3838.7058213022133,,
6305867.0,artificial_intelligence,1.0,1.9364916731037085,0.6666666666666666,0.5,5468.211111111204,1445.6888863483503,,
6305867.0,god,1.5555555555555556,1.2360330811826103,0.8888888888888888,0.33333333333333337,8954.822222222316,7197.0848139676955,,
6305867.0,virus,-1.4444444444444444,1.589898669028243,0.2222222222222222,0.44095855184409843,4078.3333333334367,975.7406212720122,,
6305867.0,human,2.2222222222222223,1.3017082793177759,0.8888888888888888,0.33333333333333337,5345.1888888890135,2015.4772979646325,,
6305867.0,chimpanzee,1.5555555555555556,1.5092308563562362,0.8888888888888888,0.33333333333333337,5057.4111111111315,3045.8142250655364,,
6305867.0,robot,0.3333333333333333,2.1213203435596424,0.5555555555555556,0.5270462766947299,7398.68888888891,7528.614787669218,,
6305867.0,rock,-2.6666666666666665,0.7071067811865475,0.0,0.0,3790.566666666729,852.0943081607788,,
6305867.0,autonomous_car,-1.2222222222222223,1.7159383568311668,0.2222222222222222,0.44095855184409843,5580.344444444403,2734.696110681648,,
6305867.0,computer,-0.4444444444444444,2.242270674512285,0.4444444444444444,0.5270462766947299,6162.244444444517,3158.1620830440893,,
6305876.0,jelly_fish,0.5555555555555556,1.740051084818425,0.5555555555555556,0.5270462766947299,3473.855555547608,841.4281135524213,,
6305876.0,artificial_intelligence,0.2222222222222222,1.7159383568311668,0.6666666666666666,0.5,3697.833333320088,2422.0589546908504,,
6305876.0,god,-1.7777777777777777,0.6666666666666666,0.0,0.0,2928.2666666640175,507.5817963618873,,
6305876.0,virus,1.1111111111111112,1.536590742882148,0.7777777777777778,0.44095855184409843,3224.9555555648276,1275.1987767657627,,
6305876.0,human,2.111111111111111,0.6009252125773316,1.0,0.0,3215.1666666732895,1192.1705939162016,,
6305876.0,chimpanzee,1.3333333333333333,1.3228756555322951,0.8888888888888888,0.33333333333333337,2995.177777753936,383.88539884248564,,
6305876.0,robot,-0.4444444444444444,1.9436506316151003,0.4444444444444444,0.5270462766947299,2889.1777777870498,691.6763907054119,,
6305876.0,rock,-1.6666666666666667,1.0,0.1111111111111111,0.33333333333333337,3814.911111103164,2389.895675777993,,
6305876.0,autonomous_car,-0.8888888888888888,1.4529663145135578,0.2222222222222222,0.44095855184409843,3346.7000000079474,1267.0459669984286,,
6305876.0,computer,-0.5555555555555556,1.740051084818425,0.3333333333333333,0.5,3554.5111111071374,1326.4863686083386,,
6305877.0,jelly_fish,-2.111111111111111,1.9649710204252657,0.1111111111111111,0.33333333333333337,4628.555555555563,1913.6371201922748,,
6305877.0,artificial_intelligence,3.0,0.0,1.0,0.0,4481.888888888895,1557.990889290154,,
6305877.0,god,-1.1111111111111112,2.147349787787521,0.3333333333333333,0.5,7163.777777777777,2780.183212388069,,
6305877.0,virus,-1.6666666666666667,2.179449471770337,0.2222222222222222,0.44095855184409843,5503.111111111112,2811.09815928066,,
6305877.0,human,2.111111111111111,1.964971020425266,0.8888888888888888,0.33333333333333337,4721.222222222225,1256.808833691287,,
6305877.0,chimpanzee,0.3333333333333333,2.958039891549808,0.5555555555555556,0.5270462766947299,4699.6666666666715,2986.9163865096725,,
6305877.0,robot,1.7777777777777777,2.438123139721299,0.7777777777777778,0.44095855184409843,5206.555555555558,2232.4100827979146,,
6305877.0,rock,-2.7777777777777777,0.4409585518440984,0.0,0.0,5483.666666666666,3122.3673710823946,,
6305877.0,autonomous_car,0.8888888888888888,2.934469476943168,0.6666666666666666,0.5,5059.333333333332,2636.10280527904,,
6305877.0,computer,-0.4444444444444444,3.0459444804161775,0.4444444444444444,0.5270462766947299,4679.33333333333,1660.7531424025694,,
6305873.0,jelly_fish,-1.4444444444444444,1.8782379449307745,0.2222222222222222,0.44095855184409843,7946.16666666646,8720.013965728867,,
6305873.0,artificial_intelligence,1.3333333333333333,1.4999999999999998,0.7777777777777778,0.44095855184409843,4581.600000000041,1289.8630528080987,,
6305873.0,god,1.8888888888888888,1.1666666666666665,0.8888888888888888,0.33333333333333337,7886.911111111443,9651.173306060009,,
6305873.0,virus,-1.1111111111111112,1.536590742882148,0.2222222222222222,0.44095855184409843,3579.4888888891373,1209.556245534184,,
6305873.0,human,1.5555555555555556,1.5092308563562362,0.8888888888888888,0.33333333333333337,3133.68888888922,918.7868229958466,,
6305873.0,chimpanzee,0.8888888888888888,1.69148192751537,0.7777777777777778,0.44095855184409843,4396.133333333664,4186.547013052631,,
6305873.0,robot,0.6666666666666666,1.9364916731037085,0.5555555555555556,0.5270462766947299,6158.566666666832,8504.46629233728,,
6305873.0,rock,-2.3333333333333335,0.7071067811865476,0.0,0.0,5150.344444444403,4001.1617928769647,,
6305873.0,autonomous_car,-0.7777777777777778,1.3944333775567928,0.3333333333333333,0.5,4104.344444444403,916.7187015531784,,
6305873.0,computer,-0.6666666666666666,1.8027756377319948,0.3333333333333333,0.5,6937.711111110945,9172.228279627954,,
6305879.0,jelly_fish,1.7777777777777777,2.1666666666666665,0.7777777777777778,0.44095855184409843,5878.1777777142,6692.353028008994,,
6305879.0,artificial_intelligence,-1.0,2.1213203435596424,0.3333333333333333,0.5,3636.311111079322,1448.2464960818609,,
6305879.0,god,-0.8888888888888888,1.90029237516523,0.4444444444444444,0.5270462766947299,3831.2999999523163,2326.736183504818,,
6305879.0,virus,0.6666666666666666,2.29128784747792,0.6666666666666666,0.5,4302.222222142749,3141.3528067782786,,
6305879.0,human,2.7777777777777777,0.4409585518440984,1.0,0.0,2496.311111079322,819.5709584938539,,
6305879.0,chimpanzee,2.2222222222222223,1.6414763002993507,0.8888888888888888,0.33333333333333337,2653.466666671965,658.6685167518636,,
6305879.0,robot,-1.4444444444444444,1.5898986690282428,0.2222222222222222,0.44095855184409843,6393.911111089918,5968.04771874595,,
6305879.0,rock,-1.8888888888888888,1.0540925533894598,0.0,0.0,3610.6666666666665,1130.1403253400824,,
6305879.0,autonomous_car,-1.4444444444444444,1.5898986690282428,0.2222222222222222,0.44095855184409843,5005.277777724796,2222.448365940088,,
6305879.0,computer,-0.7777777777777778,2.048034287907418,0.4444444444444444,0.5270462766947299,3721.95555557145,1796.6356887008149,,
6305880.0,jelly_fish,-1.0,1.9364916731037085,0.2222222222222222,0.44095855184409843,4816.099999997351,4809.929629163854,,
6305880.0,artificial_intelligence,-0.8888888888888888,1.8333333333333333,0.3333333333333333,0.5,3008.211111115085,1059.0390519842042,,
6305880.0,god,3.0,0.0,1.0,0.0,3513.733333332671,2826.6006270764865,,
6305880.0,virus,-1.1111111111111112,1.7638342073763935,0.1111111111111111,0.33333333333333337,3495.355555557542,2478.008434267144,,
6305880.0,human,2.3333333333333335,2.0,0.8888888888888888,0.33333333333333337,2983.444444437822,2235.981708397636,,
6305880.0,chimpanzee,0.0,2.1213203435596424,0.5555555555555556,0.5270462766947299,3995.755555546946,2323.7119841548015,,
6305880.0,robot,0.3333333333333333,2.179449471770337,0.6666666666666666,0.5,4767.322222222884,2847.2843139439806,,
6305880.0,rock,-2.888888888888889,0.33333333333333337,0.0,0.0,3460.5111111071374,2642.598000283828,,
6305880.0,autonomous_car,-0.2222222222222222,2.1081851067789197,0.4444444444444444,0.5270462766947299,4434.7222222156,4866.467547866752,,
6305880.0,computer,0.4444444444444444,2.068278940998476,0.7777777777777778,0.44095855184409843,3654.822222219573,2734.9657857878674,,
6305882.0,jelly_fish,0.0,1.9364916731037085,0.4444444444444444,0.5270462766947299,4073.8333333333335,1261.9114291503977,,
6305882.0,artificial_intelligence,1.4444444444444444,1.0137937550497034,0.8888888888888888,0.33333333333333337,4818.266666650772,2184.104808583951,,
6305882.0,god,-1.7777777777777777,0.4409585518440984,0.0,0.0,3563.288888891538,710.892383638091,,
6305882.0,virus,1.8888888888888888,0.33333333333333337,1.0,0.0,3903.855555547608,1446.157560656463,,
6305882.0,human,0.2222222222222222,1.7159383568311668,0.5555555555555556,0.5270462766947299,4097.51111111376,825.5038892050073,,
6305882.0,chimpanzee,-0.6666666666666666,1.5811388300841898,0.2222222222222222,0.44095855184409843,8555.877777748638,12049.019047818934,,
6305882.0,robot,0.4444444444444444,1.6666666666666667,0.6666666666666666,0.5,13452.922222216925,26204.79212376201,,
6305882.0,rock,-1.5555555555555556,1.0137937550497031,0.1111111111111111,0.33333333333333337,13050.866666648122,26304.204890146873,,
6305882.0,autonomous_car,-0.5555555555555556,1.7400510848184252,0.4444444444444444,0.5270462766947299,4338.944444444444,2179.5689413762607,,
6305882.0,computer,0.5555555555555556,1.740051084818425,0.6666666666666666,0.5,7901.544444468286,12355.1489766451,,
6305886.0,jelly_fish,0.1111111111111111,2.9767618499152917,0.5555555555555556,0.5270462766947299,3438.8222222328186,3028.2624774310693,,
6305886.0,artificial_intelligence,1.6666666666666667,2.6457513110645907,0.7777777777777778,0.44095855184409843,2338.155555592643,807.7417874904535,,
6305886.0,god,3.0,0.0,1.0,0.0,2366.844444407357,787.8540841006942,,
6305886.0,virus,-1.1111111111111112,2.4209731743889917,0.3333333333333333,0.5,2468.0111111534966,610.5419446038998,,
6305886.0,human,2.3333333333333335,2.0,0.8888888888888888,0.33333333333333337,2122.7777778042687,272.19919538983237,,
6305886.0,chimpanzee,1.0,3.0,0.6666666666666666,0.5,2428.488888899485,586.3245419771242,,
6305886.0,robot,-1.3333333333333333,2.1213203435596424,0.3333333333333333,0.5,2868.8888888888887,987.1340998712819,,
6305886.0,rock,-2.0,1.0,0.0,0.0,3221.7000000476837,3100.4057879911543,,
6305886.0,autonomous_car,-1.5555555555555556,1.9436506316151,0.3333333333333333,0.5,2585.5888888571,852.9769434743922,,
6305886.0,computer,-2.111111111111111,1.4529663145135578,0.1111111111111111,0.3333333333333333,2084.144444518619,576.3383579179556,,
6305888.0,jelly_fish,-1.1111111111111112,2.204792759220492,0.3333333333333333,0.5,4361.752777787236,2304.7625243523125,,
6305888.0,artificial_intelligence,1.4444444444444444,2.006932429798716,0.7777777777777778,0.44095855184409843,6308.709444426414,3316.1189229329734,,
6305888.0,god,-1.3333333333333333,2.06155281280883,0.2222222222222222,0.44095855184409843,3788.3044444412612,1970.2111399221706,,
6305888.0,virus,-1.8888888888888888,1.69148192751537,0.1111111111111111,0.33333333333333337,4109.851666648562,2108.9962483418262,,
6305888.0,human,2.888888888888889,0.33333333333333337,1.0,0.0,3662.696111119456,1387.884553955453,,
6305888.0,chimpanzee,1.4444444444444444,2.2973414586817036,0.7777777777777778,0.44095855184409843,4575.074444473204,2501.1401880555304,,
6305888.0,robot,0.3333333333333333,2.5,0.5555555555555556,0.5270462766947299,5434.216666669171,2636.6423873144545,,
6305888.0,rock,-2.7777777777777777,0.4409585518440984,0.0,0.0,4913.62277777969,3483.0858051163477,,
6305888.0,autonomous_car,-0.2222222222222222,2.8625940062196116,0.4444444444444444,0.5270462766947299,4816.293888906431,3472.7869117040323,,
6305888.0,computer,1.2222222222222223,2.438123139721299,0.7777777777777778,0.44095855184409843,5228.482222223344,2391.851526932301,,
6305895.0,jelly_fish,-0.3333333333333333,2.2912878474779204,0.4444444444444444,0.5270462766947299,7088.711111112601,6155.160604412901,,
6305895.0,artificial_intelligence,0.1111111111111111,2.9767618499152917,0.5555555555555556,0.5270462766947299,7205.088888889386,6001.292961821898,,
6305895.0,god,1.6666666666666667,1.8708286933869709,0.7777777777777778,0.44095855184409843,6190.244444443948,3010.4145985670266,,
6305895.0,virus,-2.3333333333333335,1.4142135623730951,0.1111111111111111,0.33333333333333337,5469.444444445272,2539.829501221939,,
6305895.0,human,2.3333333333333335,0.8660254037844387,1.0,0.0,21963.77777777695,30894.917623121433,,
6305895.0,chimpanzee,2.2222222222222223,1.3944333775567928,0.8888888888888888,0.33333333333333337,8651.355555555887,6993.265919995582,,
6305895.0,robot,1.1111111111111112,2.4209731743889917,0.6666666666666666,0.5,8074.800000001159,6683.004902176211,,
6305895.0,rock,-2.4444444444444446,0.8819171036881968,0.0,0.0,14196.755555556052,23457.35246719612,,
6305895.0,autonomous_car,-1.6666666666666667,1.5811388300841898,0.2222222222222222,0.44095855184409843,7248.677777777116,5387.836411487368,,
6305895.0,computer,-0.6666666666666666,2.598076211353316,0.3333333333333333,0.5,13928.055555556384,23478.011721773422,,
6305901.0,jelly_fish,-0.4444444444444444,2.2973414586817036,0.5555555555555556,0.5270462766947299,7202.288888891538,6209.724589193463,,
6305901.0,artificial_intelligence,-0.2222222222222222,1.986062547968831,0.4444444444444444,0.5270462766947299,5007.244444439809,2152.5866069144986,,
6305901.0,god,0.8888888888888888,2.2607766610417563,0.6666666666666666,0.5,5478.988888889551,3049.5456708588945,,
6305901.0,virus,1.2222222222222223,1.855921454276674,0.7777777777777778,0.44095855184409843,5450.666666660044,3273.2456247553546,,
6305901.0,human,2.6666666666666665,0.5,1.0,0.0,4171.322222216262,2845.0605647194866,,
6305901.0,chimpanzee,1.8888888888888888,1.536590742882148,0.8888888888888888,0.33333333333333337,6622.288888894849,6535.0559900898315,,
6305901.0,robot,-1.0,1.5811388300841898,0.2222222222222222,0.44095855184409843,8076.811111109124,3378.37200011376,,
6305901.0,rock,-2.5555555555555554,0.7264831572567789,0.0,0.0,5070.144444435835,2650.4864766302517,,
6305901.0,autonomous_car,-0.8888888888888888,2.088327347690278,0.3333333333333333,0.5,5943.422222220235,3180.907557130911,,
6305901.0,computer,-1.5555555555555556,1.2360330811826103,0.1111111111111111,0.3333333333333333,5134.711111111774,2307.0882771665274,,
6305831.0,jelly_fish,-1.6666666666666667,2.179449471770337,0.2222222222222222,0.44095855184409843,6045.333333333333,10634.682564609064,,
6305831.0,artificial_intelligence,1.6666666666666667,2.121320343559643,0.7777777777777778,0.44095855184409843,3692.8888888888887,1974.757101800399,,
6305831.0,god,2.3333333333333335,0.7071067811865476,1.0,0.0,6802.555555555556,8524.640771186654,,
6305831.0,virus,-2.0,2.0,0.1111111111111111,0.33333333333333337,3405.777777777778,1813.3776342627712,,
6305831.0,human,2.111111111111111,1.2692955176439846,0.8888888888888888,0.33333333333333337,3259.0,1385.0995451591195,,
6305831.0,chimpanzee,-0.1111111111111111,2.6666666666666665,0.4444444444444444,0.5270462766947299,7488.222222222223,10155.488710271133,,
6305831.0,robot,0.2222222222222222,2.1666666666666665,0.5555555555555556,0.5270462766947299,3864.5555555555557,1604.9731392698689,,
6305831.0,rock,-3.0,0.0,0.0,0.0,3141.777777777778,676.1693164026628,,
6305831.0,autonomous_car,-0.2222222222222222,2.438123139721299,0.4444444444444444,0.5270462766947299,3431.3333333333335,1753.8775612909812,,
6305831.0,computer,0.6666666666666666,2.345207879911715,0.5555555555555556,0.5270462766947299,6163.222222222223,8711.009582387362,,
6305907.0,jelly_fish,1.2222222222222223,2.279132388529557,0.7777777777777778,0.44095855184409843,8343.922222223548,10753.14977934004,,
6305907.0,artificial_intelligence,0.8888888888888888,2.0275875100994067,0.6666666666666666,0.5,9495.177777783738,10080.059454034266,,
6305907.0,god,-2.5555555555555554,1.3333333333333335,0.1111111111111111,0.33333333333333337,5119.933333337307,2761.4855377079234,,
6305907.0,virus,-1.0,2.3979157616563596,0.2222222222222222,0.44095855184409843,5453.099999997351,4664.1353317167805,,
6305907.0,human,2.888888888888889,0.33333333333333337,1.0,0.0,5405.0333333313465,2811.094657334048,,
6305907.0,chimpanzee,2.111111111111111,1.964971020425266,0.8888888888888888,0.33333333333333337,5318.477777775791,3908.213384591096,,
6305907.0,robot,-0.8888888888888888,2.5221243250702594,0.3333333333333333,0.5,9751.688888890876,9378.701387373567,,
6305907.0,rock,-2.7777777777777777,0.6666666666666667,0.0,0.0,3506.1333333386315,1506.6763156021698,,
6305907.0,autonomous_car,-0.2222222222222222,2.6352313834736494,0.4444444444444444,0.5270462766947299,7995.3666666713025,10724.221243520213,,
6305907.0,computer,0.3333333333333333,2.39791576165636,0.5555555555555556,0.5270462766947299,5882.055555558867,2930.0581765273646,,
6305908.0,jelly_fish,-0.6666666666666666,1.9364916731037085,0.3333333333333333,0.5,7463.855555555473,7491.1838318644495,,
6305908.0,artificial_intelligence,-0.8888888888888888,1.4529663145135576,0.2222222222222222,0.44095855184409843,5190.877777777405,2930.0321285684013,,
6305908.0,god,1.8888888888888888,1.2692955176439846,0.8888888888888888,0.33333333333333337,4474.62222222218,1759.679248313111,,
6305908.0,virus,1.6666666666666667,1.5,0.8888888888888888,0.33333333333333337,4144.29999999971,2662.7586822692992,,
6305908.0,human,1.8888888888888888,1.2692955176439846,0.8888888888888888,0.33333333333333337,5041.822222222678,2500.5739455060443,,
6305908.0,chimpanzee,-0.3333333333333333,1.6583123951777,0.5555555555555556,0.5270462766947299,5519.577777777902,2334.932777821228,,
6305908.0,robot,-1.3333333333333333,1.4999999999999998,0.2222222222222222,0.44095855184409843,8301.133333333251,10156.325256213186,,
6305908.0,rock,-2.111111111111111,1.0540925533894598,0.0,0.0,9344.344444444403,11797.831301674485,,
6305908.0,autonomous_car,-0.6666666666666666,1.6583123951776997,0.3333333333333333,0.5,5259.48888888893,3667.2991364375616,,
6305908.0,computer,0.5555555555555556,1.8104634152000358,0.6666666666666666,0.5,8817.177777777737,9126.755109947331,,
6305912.0,jelly_fish,1.2222222222222223,2.7284509239574835,0.6666666666666666,0.5,3191.144444445769,1433.676023470384,,
6305912.0,artificial_intelligence,-0.1111111111111111,2.619372274250285,0.5555555555555556,0.5270462766947299,4027.0444444517293,998.3465669702564,,
6305912.0,god,-1.1111111111111112,2.0275875100994067,0.4444444444444444,0.5270462766947299,5647.577777783076,6488.020903902742,,
6305912.0,virus,1.3333333333333333,2.5495097567963922,0.7777777777777778,0.44095855184409843,4106.0,1969.9353111241674,,
6305912.0,human,2.888888888888889,0.33333333333333337,1.0,0.0,82319.13333333533,236817.57810263254,,
6305912.0,chimpanzee,2.4444444444444446,1.6666666666666667,0.8888888888888888,0.33333333333333337,3504.266666667329,1174.9886031408962,,
6305912.0,robot,-1.4444444444444444,1.9436506316151003,0.1111111111111111,0.3333333333333333,82365.15555555622,236798.5618625871,,
6305912.0,rock,-2.7777777777777777,0.6666666666666667,0.0,0.0,3672.1777777771154,1902.414317243931,,
6305912.0,autonomous_car,-1.0,2.23606797749979,0.3333333333333333,0.5,4262.711111115084,1505.5832212458608,,
6305912.0,computer,-1.4444444444444444,2.1858128414340006,0.2222222222222222,0.44095855184409843,5491.011111110449,6587.436316479449,,
6305917.0,jelly_fish,-0.6666666666666666,1.6583123951777,0.4444444444444444,0.5270462766947299,4633.333333333332,3166.5222247759416,,
6305917.0,artificial_intelligence,1.7777777777777777,1.9220937657784658,0.8888888888888888,0.33333333333333337,2606.4444444444493,419.4297054069742,,
6305917.0,god,-0.4444444444444444,2.068278940998476,0.4444444444444444,0.5270462766947299,6042.666666666666,4376.668481847808,,
6305917.0,virus,-1.7777777777777777,1.3944333775567928,0.1111111111111111,0.33333333333333337,4563.999999999991,3054.42474125653,,
6305917.0,human,2.7777777777777777,0.6666666666666667,1.0,0.0,3315.000000000002,2651.6793263892214,,
6305917.0,chimpanzee,1.0,2.345207879911715,0.6666666666666666,0.5,3057.777777777776,525.8169305418405,,
6305917.0,robot,0.7777777777777778,2.279132388529557,0.7777777777777778,0.44095855184409843,5605.4444444444425,4094.342868859152,,
6305917.0,rock,-2.2222222222222223,0.97182531580755,0.0,0.0,5617.666666666661,9030.325395576832,,
6305917.0,autonomous_car,-1.3333333333333333,1.5811388300841895,0.2222222222222222,0.44095855184409843,5903.222222222217,8955.24185572027,,
6305917.0,computer,0.1111111111111111,2.204792759220492,0.4444444444444444,0.5270462766947299,5560.222222222223,4049.9128934391247,,
6305920.0,jelly_fish,1.3333333333333333,2.2360679774997894,0.7777777777777778,0.44095855184409843,2274.7111111117733,630.0060524400128,,
6305920.0,artificial_intelligence,-0.7777777777777778,2.2236106773543893,0.4444444444444444,0.5270462766947299,3630.5555555559695,3590.8078120083346,,
6305920.0,god,-0.4444444444444444,2.1278575558006176,0.3333333333333333,0.5,3510.299999999503,1683.8877441805205,,
6305920.0,virus,2.5555555555555554,0.5270462766947298,1.0,0.0,3803.34444444461,2834.1876517401024,,
6305920.0,human,1.6666666666666667,2.39791576165636,0.7777777777777778,0.44095855184409843,4255.077777778109,4102.108296893867,,
6305920.0,chimpanzee,1.6666666666666667,2.39791576165636,0.7777777777777778,0.44095855184409843,5151.622222221974,7291.575913130869,,
6305920.0,robot,-1.4444444444444444,1.810463415200036,0.2222222222222222,0.44095855184409843,7380.500000000414,6796.049341161495,,
6305920.0,rock,-2.5555555555555554,0.5270462766947299,0.0,0.0,2946.2444444443618,1080.94996890558,,
6305920.0,autonomous_car,-1.3333333333333333,1.9999999999999998,0.2222222222222222,0.44095855184409843,4022.8888888888887,3581.607188276791,,
6305920.0,computer,-0.6666666666666666,2.5495097567963922,0.4444444444444444,0.5270462766947299,4490.777777777777,4084.348545600171,,
6305925.0,jelly_fish,-0.4444444444444444,2.6034165586355518,0.4444444444444444,0.5270462766947299,5182.388888875644,2694.026421287116,,
6305925.0,artificial_intelligence,-0.4444444444444444,2.6034165586355518,0.4444444444444444,0.5270462766947299,4545.111111097865,3420.4812974053025,,
6305925.0,god,2.3333333333333335,2.0,0.8888888888888888,0.33333333333333337,2975.177777753936,1150.9226035597735,,
6305925.0,virus,0.6666666666666666,2.7838821814150108,0.6666666666666666,0.5,3792.777777751287,1299.7460076513032,,
6305925.0,human,2.888888888888889,0.33333333333333337,1.0,0.0,3649.911111076673,2140.9053496483925,,
6305925.0,chimpanzee,1.7777777777777777,2.438123139721299,0.7777777777777778,0.44095855184409843,3279.533333354526,2034.5460279807128,,
6305925.0,robot,-1.4444444444444444,2.2973414586817036,0.2222222222222222,0.44095855184409843,4257.744444436497,3383.331035772588,,
6305925.0,rock,-2.888888888888889,0.33333333333333337,0.0,0.0,2887.333333320088,813.8950715431192,,
6305925.0,autonomous_car,-1.4444444444444444,2.006932429798716,0.2222222222222222,0.44095855184409843,3802.3111111323037,1670.0965895930296,,
6305925.0,computer,-1.0,2.5495097567963922,0.3333333333333333,0.5,4199.377777788374,2547.6348388391725,,
6305931.0,jelly_fish,-0.1111111111111111,2.0275875100994063,0.3333333333333333,0.5,4752.933333333374,2396.402482889802,,
6305931.0,artificial_intelligence,-0.2222222222222222,2.048034287907418,0.4444444444444444,0.5270462766947299,6649.800000000021,4225.77609262478,,
6305931.0,god,-2.0,1.5811388300841898,0.1111111111111111,0.33333333333333337,3966.5777777777466,568.8392079002491,,
6305931.0,virus,0.2222222222222222,1.7873008824606014,0.5555555555555556,0.5270462766947299,4279.655555555649,1546.8874636759892,,
6305931.0,human,3.0,0.0,1.0,0.0,4499.166666666719,1415.8252487507023,,
6305931.0,chimpanzee,1.0,1.9364916731037085,0.7777777777777778,0.44095855184409843,6027.299999999969,4099.892460174958,,
6305931.0,robot,0.5555555555555556,2.1278575558006176,0.6666666666666666,0.5,6871.333333333281,6698.35249874915,,
6305931.0,rock,-2.5555555555555554,0.7264831572567789,0.0,0.0,4658.0444444445375,1466.5526883741777,,
6305931.0,autonomous_car,-0.1111111111111111,1.964971020425266,0.4444444444444444,0.5270462766947299,8082.0888888888685,6414.917937402686,,
6305931.0,computer,0.2222222222222222,1.7873008824606014,0.6666666666666666,0.5,5444.611111111215,2194.878056660681,,
6305940.0,jelly_fish,-1.0,1.8708286933869707,0.2222222222222222,0.44095855184409843,3109.444444444446,556.015087724941,,
6305940.0,artificial_intelligence,2.2222222222222223,0.4409585518440984,1.0,0.0,2629.7777777777737,340.04587108866286,,
6305940.0,god,-0.7777777777777778,1.3944333775567928,0.2222222222222222,0.44095855184409843,2627.3333333333335,737.2692859464545,,
6305940.0,virus,0.6666666666666666,1.5811388300841898,0.6666666666666666,0.5,2842.6666666666692,932.4273430139236,,
6305940.0,human,1.0,2.0615528128088303,0.7777777777777778,0.44095855184409843,3016.3333333333335,909.7307293919437,,
6305940.0,chimpanzee,0.7777777777777778,1.7159383568311668,0.7777777777777778,0.44095855184409843,3197.222222222222,787.6958133978144,,
6305940.0,robot,-0.2222222222222222,1.986062547968831,0.4444444444444444,0.5270462766947299,3479.777777777781,2267.7342645125846,,
6305940.0,rock,-2.111111111111111,0.6009252125773316,0.0,0.0,3577.3333333333285,2256.377904961845,,
6305940.0,autonomous_car,-1.1111111111111112,1.2692955176439846,0.2222222222222222,0.44095855184409843,3258.777777777781,943.4712207822996,,
6305940.0,computer,0.5555555555555556,1.509230856356236,0.6666666666666666,0.5,3009.1111111111127,898.4406553084617,,
6305939.0,jelly_fish,-0.8888888888888888,2.0275875100994063,0.3333333333333333,0.5,5142.233333163791,4326.571338775758,,
6305939.0,artificial_intelligence,1.1111111111111112,2.088327347690278,0.7777777777777778,0.44095855184409843,7145.299999978807,8463.160304582932,,
6305939.0,god,-0.5555555555555556,1.8104634152000358,0.3333333333333333,0.5,7013.788888613383,5697.0998151974045,,
6305939.0,virus,-0.1111111111111111,1.8333333333333335,0.5555555555555556,0.5270462766947299,3255.522221989102,1306.5067333361164,,
6305939.0,human,2.3333333333333335,0.5,1.0,0.0,6089.400000042386,8640.510770812713,,
6305939.0,chimpanzee,1.8888888888888888,1.536590742882148,0.8888888888888888,0.33333333333333337,4429.844444380866,4874.232099555556,,
6305939.0,robot,0.0,1.9364916731037085,0.5555555555555556,0.5270462766947299,3359.777777671814,1028.0816126429766,,
6305939.0,rock,-2.2222222222222223,0.4409585518440984,0.0,0.0,3881.4333333969116,2044.2508904151591,,
6305939.0,autonomous_car,-1.1111111111111112,1.6158932858054431,0.2222222222222222,0.44095855184409843,2591.544444402059,433.158051396574,,
6305939.0,computer,-0.4444444444444444,1.8782379449307745,0.3333333333333333,0.5,4343.400000042386,2696.5863819058227,,
6305948.0,jelly_fish,-0.3333333333333333,2.7838821814150108,0.4444444444444444,0.5270462766947299,3937.1222222182487,899.9101118692405,,
6305948.0,artificial_intelligence,0.2222222222222222,2.7284509239574835,0.4444444444444444,0.5270462766947299,4808.722222223878,2956.371117930586,,
6305948.0,god,1.0,3.0,0.6666666666666666,0.5,4317.055555558867,2208.045411166715,,
6305948.0,virus,-1.3333333333333333,2.2360679774997894,0.2222222222222222,0.44095855184409843,4042.155555554562,1363.6178882964978,,
6305948.0,human,2.888888888888889,0.33333333333333337,1.0,0.0,3577.966666665342,719.9556305771736,,
6305948.0,chimpanzee,0.7777777777777778,2.8625940062196116,0.6666666666666666,0.5,7252.144444445769,10214.79794661737,,
6305948.0,robot,0.1111111111111111,2.571208103423585,0.5555555555555556,0.5270462766947299,4321.3999999993375,1333.974375689698,,
6305948.0,rock,-2.111111111111111,1.9649710204252657,0.1111111111111111,0.3333333333333333,4271.4666666686535,1760.8175686302827,,
6305948.0,autonomous_car,-1.7777777777777777,2.438123139721299,0.2222222222222222,0.44095855184409843,3618.8666666696467,444.33304513487775,,
6305948.0,computer,0.5555555555555556,2.5549516194593154,0.6666666666666666,0.5,8947.744444444776,10082.761366571633,,
6305936.0,jelly_fish,-1.7777777777777777,1.5634719199411433,0.1111111111111111,0.33333333333333337,8135.311111109124,2825.4935641609227,,
6305936.0,artificial_intelligence,1.3333333333333333,2.2360679774997894,0.7777777777777778,0.44095855184409843,11943.50000000331,12298.959290937866,,
6305936.0,god,2.0,1.224744871391589,0.8888888888888888,0.33333333333333337,9484.144444445768,3954.3165446452344,,
6305936.0,virus,-1.5555555555555556,2.127857555800617,0.2222222222222222,0.44095855184409843,8555.766666657395,2524.059871520365,,
6305936.0,human,2.6666666666666665,0.7071067811865475,1.0,0.0,11538.566666669316,12321.107283747564,,
6305936.0,chimpanzee,-0.3333333333333333,2.1213203435596424,0.3333333333333333,0.5,9473.211111115084,4976.039237558464,,
6305936.0,robot,0.3333333333333333,2.1213203435596424,0.6666666666666666,0.5,10722.68888888094,4855.022935175837,,
6305936.0,rock,-2.888888888888889,0.33333333333333337,0.0,0.0,9174.166666666666,8086.132782110599,,
6305936.0,autonomous_car,-0.2222222222222222,2.223610677354389,0.4444444444444444,0.5270462766947299,12616.288888888226,8690.671894397015,,
6305936.0,computer,0.4444444444444444,2.185812841434,0.5555555555555556,0.5270462766947299,11170.311111109124,4660.103989843534,,
6305961.0,jelly_fish,-1.1111111111111112,1.6914819275153699,0.2222222222222222,0.44095855184409843,4322.444444444341,1629.2256696901861,,
6305961.0,artificial_intelligence,0.8888888888888888,1.7638342073763937,0.6666666666666666,0.5,7076.566666666522,7159.153883315879,,
6305961.0,god,1.8888888888888888,1.6158932858054431,0.8888888888888888,0.33333333333333337,4384.122222222078,1926.0491899079614,,
6305961.0,virus,-0.7777777777777778,1.7159383568311666,0.3333333333333333,0.5,6924.800000000021,7323.599078833883,,
6305961.0,human,2.6666666666666665,0.5,1.0,0.0,4002.5444444444856,1484.4293289939392,,
6305961.0,chimpanzee,-1.1111111111111112,1.6914819275153699,0.3333333333333333,0.5,4202.222222222223,1295.7515104927922,,
6305961.0,robot,0.0,2.23606797749979,0.5555555555555556,0.5270462766947299,4417.455555555203,1834.6504313568541,,
6305961.0,rock,-2.3333333333333335,0.8660254037844386,0.0,0.0,3252.2444444445687,1155.4312626796661,,
6305961.0,autonomous_car,-1.2222222222222223,1.7159383568311666,0.2222222222222222,0.44095855184409843,3521.722222222119,1246.1458449735408,,
6305961.0,computer,1.1111111111111112,1.8333333333333333,0.7777777777777778,0.44095855184409843,3782.2999999999174,1075.834298347096,,
6305935.0,jelly_fish,-1.8888888888888888,2.204792759220492,0.2222222222222222,0.44095855184409843,5363.966666665342,1986.4933431822149,,
6305935.0,artificial_intelligence,-0.7777777777777778,2.223610677354389,0.3333333333333333,0.5,5510.044444445107,2330.175115258349,,
6305935.0,god,2.7777777777777777,0.6666666666666667,1.0,0.0,10352.81111111078,10162.03324075123,,
6305935.0,virus,0.3333333333333333,2.3979157616563596,0.5555555555555556,0.5270462766947299,5840.322222221229,2205.4698092349504,,
6305935.0,human,2.5555555555555554,1.3333333333333335,0.8888888888888888,0.33333333333333337,7084.244444446431,6991.237074922271,,
6305935.0,chimpanzee,-0.4444444444444444,2.2973414586817036,0.4444444444444444,0.5270462766947299,9118.555555555555,8095.986445936848,,
6305935.0,robot,-1.0,2.598076211353316,0.3333333333333333,0.5,6343.8666666646795,1875.4266821181145,,
6305935.0,rock,-2.4444444444444446,0.5270462766947299,0.0,0.0,4994.344444445438,894.2229239812341,,
6305935.0,autonomous_car,0.6666666666666666,2.449489742783178,0.6666666666666666,0.5,6454.722222225533,2266.294610027987,,
6305935.0,computer,0.2222222222222222,2.6822461565718467,0.5555555555555556,0.5270462766947299,5220.100000002318,965.4935370027232,,
6305976.0,jelly_fish,-0.8888888888888888,1.763834207376394,0.3333333333333333,0.5,4175.511111100514,1898.8889109483716,,
6305976.0,artificial_intelligence,1.1111111111111112,1.3642254619787417,0.7777777777777778,0.44095855184409843,3917.077777783076,851.3130442892501,,
6305976.0,god,-0.8888888888888888,1.7638342073763935,0.2222222222222222,0.44095855184409843,4381.7444444232515,2009.4324529136845,,
6305976.0,virus,-1.3333333333333333,1.414213562373095,0.1111111111111111,0.33333333333333337,6258.011111153497,5396.819343018967,,
6305976.0,human,2.111111111111111,0.927960727138337,1.0,0.0,4137.399999936421,1334.3922118541839,,
6305976.0,chimpanzee,0.1111111111111111,1.964971020425266,0.5555555555555556,0.5270462766947299,5017.866666661368,2974.984094474346,,
6305976.0,robot,0.7777777777777778,1.481365736219265,0.6666666666666666,0.5,3402.499999973509,730.5023716850689,,
6305976.0,rock,-2.6666666666666665,0.5,0.0,0.0,3550.1333333386315,911.0173914599022,,
6305976.0,autonomous_car,0.3333333333333333,1.8708286933869709,0.4444444444444444,0.5270462766947299,6325.47777779897,5448.071904082557,,
6305976.0,computer,1.3333333333333333,1.224744871391589,0.8888888888888888,0.33333333333333337,4519.5,3198.982726944845,,
6305980.0,jelly_fish,0.0,2.1213203435596424,0.3333333333333333,0.5,5592.666666669978,3743.612686962419,,
6305980.0,artificial_intelligence,1.7777777777777777,1.3017082793177759,0.8888888888888888,0.33333333333333337,25381.288888888226,61924.0408052729,,
6305980.0,god,-2.5555555555555554,1.3333333333333335,0.1111111111111111,0.33333333333333337,7814.033333334658,8917.301711844399,,
6305980.0,virus,-1.4444444444444444,2.068278940998476,0.2222222222222222,0.44095855184409843,23226.31111111078,37409.87633798436,,
6305980.0,human,2.4444444444444446,0.7264831572567788,1.0,0.0,5838.7333333326715,5620.978123953882,,
6305980.0,chimpanzee,1.2222222222222223,1.7159383568311666,0.7777777777777778,0.44095855184409843,25186.033333331347,61971.20778026306,,
6305980.0,robot,0.0,2.23606797749979,0.4444444444444444,0.5270462766947299,17650.966666667,36711.97472266055,,
6305980.0,rock,-2.5555555555555554,0.8819171036881968,0.0,0.0,5217.277777779434,4254.618211065586,,
6305980.0,autonomous_car,0.4444444444444444,2.4037008503093262,0.5555555555555556,0.5270462766947299,11765.977777774135,15261.530470905605,,
6305980.0,computer,0.6666666666666666,2.345207879911715,0.6666666666666666,0.5,8339.444444444445,8228.505791777381,,
6305991.0,jelly_fish,-1.0,1.6583123951777,0.2222222222222222,0.44095855184409843,9421.488888889035,7182.828435484822,,
6305991.0,artificial_intelligence,1.7777777777777777,1.9860625479688307,0.8888888888888888,0.33333333333333337,6574.4777777776535,6709.045506399938,,
6305991.0,god,-0.3333333333333333,1.7320508075688774,0.5555555555555556,0.5270462766947299,13326.111111111111,20370.647362592896,,
6305991.0,virus,-1.0,1.4142135623730951,0.2222222222222222,0.44095855184409843,8844.033333333417,7295.893821527353,,
6305991.0,human,3.0,0.0,1.0,0.0,17904.955555555618,22571.82534472513,,
6305991.0,chimpanzee,1.1111111111111112,1.964971020425266,0.7777777777777778,0.44095855184409843,8513.75555555564,8117.774751603965,,
6305991.0,robot,0.1111111111111111,1.69148192751537,0.6666666666666666,0.5,7826.0333333334165,7124.4305677715865,,
6305991.0,rock,-1.8888888888888888,0.927960727138337,0.0,0.0,9735.177777777737,13420.192036328874,,
6305991.0,autonomous_car,-1.0,1.3228756555322954,0.2222222222222222,0.44095855184409843,5709.933333333582,2498.93160920835,,
6305991.0,computer,-0.7777777777777778,1.855921454276674,0.4444444444444444,0.5270462766947299,8346.922222222305,5830.211248269152,,
6306008.0,jelly_fish,-0.5555555555555556,2.351122663277647,0.3333333333333333,0.5,7022.266666650772,3232.158007435165,,
6306008.0,artificial_intelligence,2.4444444444444446,0.5270462766947299,1.0,0.0,14513.322222232819,15394.7542859694,,
6306008.0,god,-2.2222222222222223,1.3944333775567928,0.1111111111111111,0.33333333333333337,8560.27777780427,9336.204519584637,,
6306008.0,virus,-0.1111111111111111,2.204792759220492,0.5555555555555556,0.5270462766947299,12260.200000021192,7023.964486819013,,
6306008.0,human,2.111111111111111,1.615893285805443,0.8888888888888888,0.33333333333333337,14564.411111063428,13180.76693543799,,
6306008.0,chimpanzee,1.3333333333333333,2.0615528128088303,0.7777777777777778,0.44095855184409843,13520.34444446034,12426.947495373623,,
6306008.0,robot,0.2222222222222222,2.1081851067789197,0.5555555555555556,0.5270462766947299,11224.166666640176,8540.015871624742,,
6306008.0,rock,-2.4444444444444446,0.8819171036881968,0.0,0.0,12900.055555529065,16306.94833788396,,
6306008.0,autonomous_car,-0.1111111111111111,1.6914819275153699,0.4444444444444444,0.5270462766947299,22019.133333338632,16403.477816921568,,
6306008.0,computer,-0.6666666666666666,1.9364916731037085,0.3333333333333333,0.5,14070.577777783075,16366.058260145966,,
6306037.0,jelly_fish,-0.6666666666666666,1.3228756555322954,0.2222222222222222,0.44095855184409843,9563.911111111442,6526.733510235137,,
6306037.0,artificial_intelligence,0.7777777777777778,1.092906420717,0.7777777777777778,0.44095855184409843,6379.711111111774,2815.0743397988476,,
6306037.0,god,-0.8888888888888888,0.7817359599705717,0.1111111111111111,0.33333333333333337,6291.633333338632,6444.063220903678,,
6306037.0,virus,0.2222222222222222,1.2018504251546631,0.5555555555555556,0.5270462766947299,6683.844444443782,3058.352752753928,,
6306037.0,human,0.2222222222222222,1.481365736219265,0.5555555555555556,0.5270462766947299,5877.099999999006,3202.057900787476,,
6306037.0,chimpanzee,-0.4444444444444444,1.1303883305208782,0.3333333333333333,0.5,7863.188888892531,7135.142957124958,,
6306037.0,robot,0.6666666666666666,1.0,0.7777777777777778,0.44095855184409843,8277.522222222553,9283.03712232229,,
6306037.0,rock,-1.3333333333333333,0.5,0.0,0.0,4360.077777779765,1292.9538030967722,,
6306037.0,autonomous_car,0.2222222222222222,1.4813657362192647,0.6666666666666666,0.5,11584.822222222885,9685.194182714964,,
6306037.0,computer,1.2222222222222223,0.4409585518440984,1.0,0.0,5857.2333333326715,2132.8364166000065,,
6306121.0,jelly_fish,-1.2222222222222223,2.438123139721299,0.3333333333333333,0.5,15028.244444444259,16259.976425037597,,
6306121.0,artificial_intelligence,0.6666666666666666,2.179449471770337,0.5555555555555556,0.5270462766947299,13353.266666666605,23363.689994091288,,
6306121.0,god,-1.8888888888888888,1.6158932858054431,0.1111111111111111,0.3333333333333333,13687.311111111194,30388.24097518803,,
6306121.0,virus,-2.2222222222222223,0.4409585518440984,0.0,0.0,23054.144444444526,37412.61300718331,,
6306121.0,human,0.7777777777777778,2.438123139721299,0.6666666666666666,0.5,15251.844444444507,24416.18037639742,,
6306121.0,chimpanzee,-0.3333333333333333,2.5,0.4444444444444444,0.5270462766947299,9126.100000000042,10802.568485781521,,
6306121.0,robot,1.6666666666666667,1.5811388300841898,0.8888888888888888,0.33333333333333337,5126.555555555556,4759.090819450457,,
6306121.0,rock,-1.7777777777777777,1.9220937657784658,0.2222222222222222,0.44095855184409843,15155.411111111029,26271.345666497786,,
6306121.0,autonomous_car,1.7777777777777777,1.7159383568311668,0.7777777777777778,0.44095855184409843,3988.3888888889924,2543.454074897214,,
6306121.0,computer,2.5555555555555554,0.7264831572567788,1.0,0.0,11176.822222222057,16702.338400937933,,
6306226.0,jelly_fish,0.3333333333333333,1.9364916731037087,0.4444444444444444,0.5270462766947299,6130.366666661368,3620.8071199413544,,
6306226.0,artificial_intelligence,0.1111111111111111,1.964971020425266,0.4444444444444444,0.5270462766947299,8293.18888888094,5890.713035467196,,
6306226.0,god,-2.7777777777777777,0.6666666666666667,0.0,0.0,6220.188888894187,6047.700230133881,,
6306226.0,virus,1.1111111111111112,1.6914819275153699,0.7777777777777778,0.44095855184409843,7744.800000018544,4879.69447763144,,
6306226.0,human,2.3333333333333335,0.7071067811865476,1.0,0.0,5228.144444452391,2048.9018412979085,,
6306226.0,chimpanzee,1.7777777777777777,1.3017082793177759,0.8888888888888888,0.33333333333333337,4647.766666664018,1647.5119574548912,,
6306226.0,robot,-0.3333333333333333,2.121320343559643,0.4444444444444444,0.5270462766947299,4943.077777796321,2195.6174403699083,,
6306226.0,rock,-2.4444444444444446,1.3333333333333335,0.1111111111111111,0.33333333333333337,4306.411111076673,950.2888277124746,,
6306226.0,autonomous_car,-0.4444444444444444,2.242270674512285,0.3333333333333333,0.5,7647.688888867696,5274.152644140664,,
6306226.0,computer,0.3333333333333333,2.179449471770337,0.5555555555555556,0.5270462766947299,5097.411111116409,3325.845026628472,,
6306224.0,jelly_fish,-0.2222222222222222,2.5385910352879697,0.5555555555555556,0.5270462766947299,8426.888888888476,5283.841276581706,,
6306224.0,artificial_intelligence,1.0,1.6583123951777,0.7777777777777778,0.44095855184409843,8309.011111110864,5804.440984161493,,
6306224.0,god,-0.6666666666666666,1.7320508075688772,0.2222222222222222,0.44095855184409843,8060.644444444527,4836.644636034284,,
6306224.0,virus,0.5555555555555556,1.5898986690282428,0.6666666666666666,0.5,6520.111111109869,2658.107691311892,,
6306224.0,human,1.6666666666666667,0.7071067811865476,1.0,0.0,9829.488888888724,7290.315797592114,,
6306224.0,chimpanzee,1.1111111111111112,1.3642254619787417,0.7777777777777778,0.44095855184409843,6793.988888889137,3763.1048860760357,,
6306224.0,robot,-0.8888888888888888,0.7817359599705717,0.1111111111111111,0.3333333333333333,10439.100000000662,7555.477593607682,,
6306224.0,rock,-2.3333333333333335,0.8660254037844386,0.0,0.0,5991.755555555638,1593.7864733958745,,
6306224.0,autonomous_car,0.1111111111111111,1.4529663145135578,0.4444444444444444,0.5270462766947299,6763.9444444440305,4455.552737346336,,
6306224.0,computer,-0.3333333333333333,1.9364916731037085,0.4444444444444444,0.5270462766947299,10014.97777777786,7436.493749540198,,
