part_id,word,mean_score,score_std,win_prob,win_prob_std,sense_prob,sense_std
5e8f4d8918ca6c2314765d92,chimpanzee,0.7777777777777778,1.6414763002993507,0.7777777777777778,0.44095855184409843,0.8888888888888888,0.33333333333333337
5e8f4d8918ca6c2314765d92,jelly_fish,-1.2222222222222223,1.7159383568311668,0.2222222222222222,0.44095855184409843,1.0,0.0
5e8f4d8918ca6c2314765d92,autonomous_car,-1.4444444444444444,1.2360330811826103,0.1111111111111111,0.33333333333333337,0.8888888888888888,0.33333333333333337
5e8f4d8918ca6c2314765d92,virus,-0.2222222222222222,1.7873008824606014,0.4444444444444444,0.5270462766947299,1.0,0.0
5e8f4d8918ca6c2314765d92,human,2.2222222222222223,1.3017082793177757,0.8888888888888888,0.33333333333333337,1.0,0.0
5e8f4d8918ca6c2314765d92,robot,-0.4444444444444444,1.6666666666666667,0.4444444444444444,0.5270462766947299,1.0,0.0
5e8f4d8918ca6c2314765d92,rock,-2.2222222222222223,0.6666666666666666,0.0,0.0,1.0,0.0
5e8f4d8918ca6c2314765d92,artificial_intelligence,0.6666666666666666,1.8708286933869707,0.6666666666666666,0.5,1.0,0.0
5e8f4d8918ca6c2314765d92,god,2.111111111111111,0.927960727138337,1.0,0.0,1.0,0.0
5e8f4d8918ca6c2314765d92,computer,-0.2222222222222222,2.048034287907418,0.4444444444444444,0.5270462766947299,1.0,0.0
614b53c4e3ff9739cc026895,chimpanzee,0.6666666666666666,2.598076211353316,0.6666666666666666,0.5,1.0,0.0
614b53c4e3ff9739cc026895,jelly_fish,-2.2222222222222223,1.3017082793177759,0.1111111111111111,0.33333333333333337,0.6666666666666666,0.5
614b53c4e3ff9739cc026895,autonomous_car,2.0,1.5811388300841898,0.8888888888888888,0.33333333333333337,0.8888888888888888,0.33333333333333337
614b53c4e3ff9739cc026895,virus,-0.5555555555555556,2.5055493963954847,0.3333333333333333,0.5,0.8888888888888888,0.33333333333333337
614b53c4e3ff9739cc026895,human,-0.2222222222222222,3.073181485764296,0.4444444444444444,0.5270462766947299,0.8888888888888888,0.33333333333333337
614b53c4e3ff9739cc026895,robot,1.1111111111111112,2.3687784005919825,0.7777777777777778,0.44095855184409843,1.0,0.0
614b53c4e3ff9739cc026895,rock,-2.4444444444444446,0.8819171036881968,0.0,0.0,0.6666666666666666,0.5
614b53c4e3ff9739cc026895,artificial_intelligence,2.2222222222222223,1.6414763002993507,0.8888888888888888,0.33333333333333337,1.0,0.0
614b53c4e3ff9739cc026895,god,-1.6666666666666667,2.179449471770337,0.2222222222222222,0.44095855184409843,0.8888888888888888,0.33333333333333337
614b53c4e3ff9739cc026895,computer,1.1111111111111112,2.848001248439177,0.6666666666666666,0.5,1.0,0.0
61133b44c0f877a21f27c3ee,chimpanzee,-1.2222222222222223,1.7159383568311668,0.2222222222222222,0.44095855184409843,0.4444444444444444,0.5270462766947299
61133b44c0f877a21f27c3ee,jelly_fish,-1.5555555555555556,1.5898986690282428,0.1111111111111111,0.33333333333333337,0.4444444444444444,0.5270462766947299
61133b44c0f877a21f27c3ee,autonomous_car,0.3333333333333333,1.5811388300841898,0.5555555555555556,0.5270462766947299,0.8888888888888888,0.33333333333333337
61133b44c0f877a21f27c3ee,virus,-0.2222222222222222,1.7873008824606014,0.4444444444444444,0.5270462766947299,0.4444444444444444,0.5270462766947299
61133b44c0f877a21f27c3ee,human,2.0,1.224744871391589,0.8888888888888888,0.33333333333333337,1.0,0.0
61133b44c0f877a21f27c3ee,robot,-0.2222222222222222,1.5634719199411433,0.3333333333333333,0.5,0.4444444444444444,0.5270462766947299
61133b44c0f877a21f27c3ee,rock,-2.6666666666666665,0.5,0.0,0.0,0.6666666666666666,0.5
61133b44c0f877a21f27c3ee,artificial_intelligence,0.8888888888888888,1.8333333333333333,0.6666666666666666,0.5,1.0,0.0
61133b44c0f877a21f27c3ee,god,1.5555555555555556,0.7264831572567789,1.0,0.0,0.5555555555555556,0.5270462766947299
61133b44c0f877a21f27c3ee,computer,1.1111111111111112,1.964971020425266,0.7777777777777778,0.44095855184409843,1.0,0.0
61088dc29d639b015d4cd918,chimpanzee,1.0,2.0615528128088303,0.7777777777777778,0.44095855184409843,1.0,0.0
61088dc29d639b015d4cd918,jelly_fish,0.6666666666666666,2.1213203435596424,0.6666666666666666,0.5,1.0,0.0
61088dc29d639b015d4cd918,autonomous_car,-0.6666666666666666,1.6583123951777001,0.4444444444444444,0.5270462766947299,1.0,0.0
61088dc29d639b015d4cd918,virus,-0.1111111111111111,1.9649710204252662,0.5555555555555556,0.5270462766947299,1.0,0.0
61088dc29d639b015d4cd918,human,1.5555555555555556,1.740051084818425,0.8888888888888888,0.33333333333333337,1.0,0.0
61088dc29d639b015d4cd918,robot,-0.8888888888888888,1.8333333333333333,0.2222222222222222,0.44095855184409843,1.0,0.0
61088dc29d639b015d4cd918,rock,-2.3333333333333335,1.0,0.0,0.0,1.0,0.0
61088dc29d639b015d4cd918,artificial_intelligence,-0.8888888888888888,1.536590742882148,0.3333333333333333,0.5,1.0,0.0
61088dc29d639b015d4cd918,god,3.0,0.0,1.0,0.0,1.0,0.0
61088dc29d639b015d4cd918,computer,-1.3333333333333333,1.1180339887498947,0.1111111111111111,0.3333333333333333,1.0,0.0
6175b756491e339b289ca959,chimpanzee,1.5555555555555556,1.0137937550497031,0.8888888888888888,0.33333333333333337,1.0,0.0
6175b756491e339b289ca959,jelly_fish,0.3333333333333333,1.3228756555322954,0.7777777777777778,0.44095855184409843,1.0,0.0
6175b756491e339b289ca959,autonomous_car,-0.1111111111111111,1.90029237516523,0.5555555555555556,0.5270462766947299,1.0,0.0
6175b756491e339b289ca959,virus,-0.5555555555555556,1.5898986690282426,0.4444444444444444,0.5270462766947299,1.0,0.0
6175b756491e339b289ca959,human,2.4444444444444446,0.7264831572567788,1.0,0.0,1.0,0.0
6175b756491e339b289ca959,robot,0.3333333333333333,1.5811388300841898,0.6666666666666666,0.5,1.0,0.0
6175b756491e339b289ca959,rock,-1.3333333333333333,1.1180339887498947,0.1111111111111111,0.3333333333333333,0.8888888888888888,0.33333333333333337
6175b756491e339b289ca959,artificial_intelligence,-0.4444444444444444,1.4240006242195884,0.3333333333333333,0.5,1.0,0.0
6175b756491e339b289ca959,god,-1.2222222222222223,0.6666666666666667,0.0,0.0,1.0,0.0
6175b756491e339b289ca959,computer,-1.0,1.5811388300841898,0.2222222222222222,0.44095855184409843,0.8888888888888888,0.33333333333333337
60ad33772c5d282d6a2021e8,chimpanzee,-1.1111111111111112,1.7638342073763937,0.2222222222222222,0.44095855184409843,0.4444444444444444,0.5270462766947299
60ad33772c5d282d6a2021e8,jelly_fish,-1.5555555555555556,1.3333333333333335,0.1111111111111111,0.33333333333333337,0.4444444444444444,0.5270462766947299
60ad33772c5d282d6a2021e8,autonomous_car,0.6666666666666666,2.0,0.6666666666666666,0.5,0.7777777777777778,0.44095855184409843
60ad33772c5d282d6a2021e8,virus,0.6666666666666666,2.0,0.6666666666666666,0.5,1.0,0.0
60ad33772c5d282d6a2021e8,human,-0.2222222222222222,2.1081851067789197,0.4444444444444444,0.5270462766947299,0.7777777777777778,0.44095855184409843
60ad33772c5d282d6a2021e8,robot,-0.6666666666666666,2.0,0.3333333333333333,0.5,0.6666666666666666,0.5
60ad33772c5d282d6a2021e8,rock,-2.0,0.0,0.0,0.0,0.7777777777777778,0.44095855184409843
60ad33772c5d282d6a2021e8,artificial_intelligence,1.4444444444444444,1.3333333333333335,0.8888888888888888,0.33333333333333337,0.6666666666666666,0.5
60ad33772c5d282d6a2021e8,god,2.0,0.0,1.0,0.0,0.6666666666666666,0.5
60ad33772c5d282d6a2021e8,computer,0.7777777777777778,1.855921454276674,0.6666666666666666,0.5,0.4444444444444444,0.5270462766947299
5d42a9f671d697001af667fc,chimpanzee,1.1111111111111112,0.927960727138337,0.8888888888888888,0.33333333333333337,0.4444444444444444,0.5270462766947299
5d42a9f671d697001af667fc,jelly_fish,-1.1111111111111112,1.6158932858054431,0.2222222222222222,0.44095855184409843,0.1111111111111111,0.33333333333333337
5d42a9f671d697001af667fc,autonomous_car,-0.1111111111111111,1.8333333333333333,0.4444444444444444,0.5270462766947299,0.4444444444444444,0.5270462766947299
5d42a9f671d697001af667fc,virus,0.7777777777777778,1.3944333775567928,0.7777777777777778,0.44095855184409843,0.5555555555555556,0.5270462766947299
5d42a9f671d697001af667fc,human,1.7777777777777777,1.2018504251546631,0.8888888888888888,0.33333333333333337,0.5555555555555556,0.5270462766947299
5d42a9f671d697001af667fc,robot,0.8888888888888888,1.5365907428821477,0.7777777777777778,0.44095855184409843,0.7777777777777778,0.44095855184409843
5d42a9f671d697001af667fc,rock,-1.4444444444444444,1.4240006242195886,0.1111111111111111,0.3333333333333333,0.1111111111111111,0.3333333333333333
5d42a9f671d697001af667fc,artificial_intelligence,-0.7777777777777778,1.7159383568311666,0.3333333333333333,0.5,0.6666666666666666,0.5
5d42a9f671d697001af667fc,god,-1.4444444444444444,0.7264831572567789,0.0,0.0,0.2222222222222222,0.44095855184409843
5d42a9f671d697001af667fc,computer,0.3333333333333333,2.0615528128088303,0.5555555555555556,0.5270462766947299,0.5555555555555556,0.5270462766947299
613a639002c088d7e68b80a9,chimpanzee,-1.1111111111111112,2.1473497877875207,0.2222222222222222,0.44095855184409843,0.8888888888888888,0.33333333333333337
613a639002c088d7e68b80a9,jelly_fish,-1.1111111111111112,1.536590742882148,0.2222222222222222,0.44095855184409843,0.4444444444444444,0.5270462766947299
613a639002c088d7e68b80a9,autonomous_car,-0.2222222222222222,1.7873008824606014,0.4444444444444444,0.5270462766947299,0.4444444444444444,0.5270462766947299
613a639002c088d7e68b80a9,virus,1.3333333333333333,1.9999999999999998,0.7777777777777778,0.44095855184409843,0.6666666666666666,0.5
613a639002c088d7e68b80a9,human,1.1111111111111112,2.088327347690278,0.7777777777777778,0.44095855184409843,0.8888888888888888,0.33333333333333337
613a639002c088d7e68b80a9,robot,0.1111111111111111,2.088327347690278,0.4444444444444444,0.5270462766947299,0.6666666666666666,0.5
613a639002c088d7e68b80a9,rock,-2.6666666666666665,0.7071067811865475,0.0,0.0,0.6666666666666666,0.5
613a639002c088d7e68b80a9,artificial_intelligence,0.1111111111111111,2.3154073315749675,0.5555555555555556,0.5270462766947299,0.7777777777777778,0.44095855184409843
613a639002c088d7e68b80a9,god,2.2222222222222223,0.4409585518440984,1.0,0.0,0.5555555555555556,0.5270462766947299
613a639002c088d7e68b80a9,computer,0.2222222222222222,2.279132388529557,0.5555555555555556,0.5270462766947299,0.6666666666666666,0.5
5ed91f1e9c985546085a116f,chimpanzee,-0.8888888888888888,2.0275875100994067,0.3333333333333333,0.5,0.7777777777777778,0.44095855184409843
5ed91f1e9c985546085a116f,jelly_fish,-1.5555555555555556,1.810463415200036,0.2222222222222222,0.44095855184409843,0.8888888888888888,0.33333333333333337
5ed91f1e9c985546085a116f,autonomous_car,0.7777777777777778,1.922093765778466,0.6666666666666666,0.5,0.8888888888888888,0.33333333333333337
5ed91f1e9c985546085a116f,virus,-1.1111111111111112,1.2692955176439846,0.1111111111111111,0.33333333333333337,0.5555555555555556,0.5270462766947299
5ed91f1e9c985546085a116f,human,1.7777777777777777,1.3017082793177757,0.8888888888888888,0.33333333333333337,0.7777777777777778,0.44095855184409843
5ed91f1e9c985546085a116f,robot,0.5555555555555556,1.7400510848184252,0.6666666666666666,0.5,0.8888888888888888,0.33333333333333337
5ed91f1e9c985546085a116f,rock,-2.5555555555555554,0.5270462766947298,0.0,0.0,1.0,0.0
5ed91f1e9c985546085a116f,artificial_intelligence,0.6666666666666666,1.8708286933869707,0.6666666666666666,0.5,0.7777777777777778,0.44095855184409843
5ed91f1e9c985546085a116f,god,2.2222222222222223,0.6666666666666666,1.0,0.0,0.7777777777777778,0.44095855184409843
5ed91f1e9c985546085a116f,computer,0.1111111111111111,1.964971020425266,0.4444444444444444,0.5270462766947299,0.6666666666666666,0.5
6131cf33d4b5c450b104ca9e,chimpanzee,-1.4444444444444444,1.1303883305208782,0.1111111111111111,0.3333333333333333,0.5555555555555556,0.5270462766947299
6131cf33d4b5c450b104ca9e,jelly_fish,-1.0,1.224744871391589,0.1111111111111111,0.33333333333333337,0.2222222222222222,0.44095855184409843
6131cf33d4b5c450b104ca9e,autonomous_car,-0.6666666666666666,1.3228756555322951,0.3333333333333333,0.5,0.4444444444444444,0.5270462766947299
6131cf33d4b5c450b104ca9e,virus,0.4444444444444444,1.8782379449307742,0.5555555555555556,0.5270462766947299,0.6666666666666666,0.5
6131cf33d4b5c450b104ca9e,human,2.2222222222222223,0.6666666666666666,1.0,0.0,1.0,0.0
6131cf33d4b5c450b104ca9e,robot,-0.1111111111111111,2.088327347690278,0.5555555555555556,0.5270462766947299,0.4444444444444444,0.5270462766947299
6131cf33d4b5c450b104ca9e,rock,0.8888888888888888,1.6914819275153699,0.7777777777777778,0.44095855184409843,0.6666666666666666,0.5
6131cf33d4b5c450b104ca9e,artificial_intelligence,-1.4444444444444444,1.130388330520878,0.1111111111111111,0.33333333333333337,0.3333333333333333,0.5
6131cf33d4b5c450b104ca9e,god,0.7777777777777778,1.9860625479688307,0.7777777777777778,0.44095855184409843,0.6666666666666666,0.5
6131cf33d4b5c450b104ca9e,computer,0.3333333333333333,1.8027756377319948,0.6666666666666666,0.5,0.5555555555555556,0.5270462766947299
6141bdf9ebdc730adcc8d332,chimpanzee,-1.0,3.0,0.3333333333333333,0.5,1.0,0.0
6141bdf9ebdc730adcc8d332,jelly_fish,1.0,3.0,0.6666666666666666,0.5,1.0,0.0
6141bdf9ebdc730adcc8d332,autonomous_car,-1.6666666666666667,2.6457513110645907,0.2222222222222222,0.44095855184409843,0.8888888888888888,0.33333333333333337
6141bdf9ebdc730adcc8d332,virus,1.0,3.0,0.6666666666666666,0.5,1.0,0.0
6141bdf9ebdc730adcc8d332,human,2.3333333333333335,2.0,0.8888888888888888,0.33333333333333337,1.0,0.0
6141bdf9ebdc730adcc8d332,robot,-2.3333333333333335,2.0,0.1111111111111111,0.33333333333333337,1.0,0.0
6141bdf9ebdc730adcc8d332,rock,-3.0,0.0,0.0,0.0,1.0,0.0
6141bdf9ebdc730adcc8d332,artificial_intelligence,-0.3333333333333333,3.1622776601683795,0.4444444444444444,0.5270462766947299,1.0,0.0
6141bdf9ebdc730adcc8d332,god,3.0,0.0,1.0,0.0,0.8888888888888888,0.33333333333333337
6141bdf9ebdc730adcc8d332,computer,1.0,3.0,0.6666666666666666,0.5,1.0,0.0
5ebc6f18c323480b94409c78,chimpanzee,-1.3333333333333333,1.9364916731037083,0.2222222222222222,0.44095855184409843,0.7777777777777778,0.44095855184409843
5ebc6f18c323480b94409c78,jelly_fish,-2.0,1.3228756555322954,0.1111111111111111,0.33333333333333337,0.4444444444444444,0.5270462766947299
5ebc6f18c323480b94409c78,autonomous_car,-0.5555555555555556,2.185812841434,0.3333333333333333,0.5,0.4444444444444444,0.5270462766947299
5ebc6f18c323480b94409c78,virus,-0.3333333333333333,2.0,0.4444444444444444,0.5270462766947299,0.1111111111111111,0.33333333333333337
5ebc6f18c323480b94409c78,human,1.3333333333333333,1.6583123951776997,0.7777777777777778,0.44095855184409843,0.8888888888888888,0.33333333333333337
5ebc6f18c323480b94409c78,robot,0.6666666666666666,2.0,0.6666666666666666,0.5,0.7777777777777778,0.44095855184409843
5ebc6f18c323480b94409c78,rock,-2.2222222222222223,0.6666666666666666,0.0,0.0,0.5555555555555556,0.5270462766947299
5ebc6f18c323480b94409c78,artificial_intelligence,1.7777777777777777,1.481365736219265,0.8888888888888888,0.33333333333333337,0.7777777777777778,0.44095855184409843
5ebc6f18c323480b94409c78,god,1.8888888888888888,1.536590742882148,0.8888888888888888,0.33333333333333337,0.6666666666666666,0.5
5ebc6f18c323480b94409c78,computer,0.7777777777777778,2.1666666666666665,0.6666666666666666,0.5,0.5555555555555556,0.5270462766947299
613eba54614a8826b829b734,chimpanzee,-0.7777777777777778,1.5634719199411433,0.3333333333333333,0.5,1.0,0.0
613eba54614a8826b829b734,jelly_fish,-1.5555555555555556,1.3333333333333333,0.1111111111111111,0.3333333333333333,0.8888888888888888,0.33333333333333337
613eba54614a8826b829b734,autonomous_car,0.2222222222222222,1.855921454276674,0.5555555555555556,0.5270462766947299,1.0,0.0
613eba54614a8826b829b734,virus,-0.5555555555555556,1.6666666666666667,0.4444444444444444,0.5270462766947299,0.8888888888888888,0.33333333333333337
613eba54614a8826b829b734,human,2.4444444444444446,1.3333333333333335,0.8888888888888888,0.33333333333333337,1.0,0.0
613eba54614a8826b829b734,robot,0.6666666666666666,1.7320508075688774,0.6666666666666666,0.5,1.0,0.0
613eba54614a8826b829b734,rock,-0.8888888888888888,1.90029237516523,0.3333333333333333,0.5,0.7777777777777778,0.44095855184409843
613eba54614a8826b829b734,artificial_intelligence,-0.5555555555555556,2.1278575558006176,0.5555555555555556,0.5270462766947299,1.0,0.0
613eba54614a8826b829b734,god,-0.1111111111111111,1.7638342073763937,0.4444444444444444,0.5270462766947299,1.0,0.0
613eba54614a8826b829b734,computer,1.1111111111111112,2.0275875100994067,0.6666666666666666,0.5,1.0,0.0
601f3d6a08d6ec47b04ca28a,chimpanzee,0.4444444444444444,1.6666666666666667,0.6666666666666666,0.5,1.0,0.0
601f3d6a08d6ec47b04ca28a,jelly_fish,-1.1111111111111112,1.6158932858054431,0.2222222222222222,0.44095855184409843,1.0,0.0
601f3d6a08d6ec47b04ca28a,autonomous_car,0.1111111111111111,1.615893285805443,0.5555555555555556,0.5270462766947299,1.0,0.0
601f3d6a08d6ec47b04ca28a,virus,0.1111111111111111,1.3642254619787417,0.6666666666666666,0.5,1.0,0.0
601f3d6a08d6ec47b04ca28a,human,1.6666666666666667,0.5,1.0,0.0,1.0,0.0
601f3d6a08d6ec47b04ca28a,robot,0.1111111111111111,1.3642254619787417,0.4444444444444444,0.5270462766947299,1.0,0.0
601f3d6a08d6ec47b04ca28a,rock,-1.5555555555555556,0.5270462766947299,0.0,0.0,0.8888888888888888,0.33333333333333337
601f3d6a08d6ec47b04ca28a,artificial_intelligence,1.2222222222222223,1.3944333775567928,0.7777777777777778,0.44095855184409843,1.0,0.0
601f3d6a08d6ec47b04ca28a,god,-1.3333333333333333,0.9999999999999999,0.1111111111111111,0.3333333333333333,0.8888888888888888,0.33333333333333337
601f3d6a08d6ec47b04ca28a,computer,0.3333333333333333,1.8027756377319948,0.5555555555555556,0.5270462766947299,1.0,0.0
611ae4c41ac95c70c7d2e67b,chimpanzee,1.7777777777777777,1.3944333775567925,0.8888888888888888,0.33333333333333337,0.8888888888888888,0.33333333333333337
611ae4c41ac95c70c7d2e67b,jelly_fish,1.4444444444444444,1.810463415200036,0.7777777777777778,0.44095855184409843,0.8888888888888888,0.33333333333333337
611ae4c41ac95c70c7d2e67b,autonomous_car,-1.1111111111111112,1.7638342073763937,0.3333333333333333,0.5,0.8888888888888888,0.33333333333333337
611ae4c41ac95c70c7d2e67b,virus,-0.1111111111111111,1.3642254619787417,0.4444444444444444,0.5270462766947299,0.8888888888888888,0.33333333333333337
611ae4c41ac95c70c7d2e67b,human,2.5555555555555554,0.7264831572567788,1.0,0.0,0.8888888888888888,0.33333333333333337
611ae4c41ac95c70c7d2e67b,robot,-0.4444444444444444,1.8104634152000358,0.5555555555555556,0.5270462766947299,0.8888888888888888,0.33333333333333337
611ae4c41ac95c70c7d2e67b,rock,-1.4444444444444444,1.3333333333333335,0.1111111111111111,0.3333333333333333,0.8888888888888888,0.33333333333333337
611ae4c41ac95c70c7d2e67b,artificial_intelligence,-0.4444444444444444,1.509230856356236,0.4444444444444444,0.5270462766947299,0.0,0.0
611ae4c41ac95c70c7d2e67b,god,-1.0,1.7320508075688772,0.3333333333333333,0.5,0.8888888888888888,0.33333333333333337
611ae4c41ac95c70c7d2e67b,computer,-1.2222222222222223,1.0929064207170003,0.1111111111111111,0.3333333333333333,0.8888888888888888,0.33333333333333337
5c38642b1ede2b0001156a1b,chimpanzee,-1.5555555555555556,1.509230856356236,0.2222222222222222,0.44095855184409843,0.0,0.0
5c38642b1ede2b0001156a1b,jelly_fish,-2.111111111111111,0.6009252125773316,0.0,0.0,0.1111111111111111,0.3333333333333333
5c38642b1ede2b0001156a1b,autonomous_car,1.7777777777777777,1.855921454276674,0.8888888888888888,0.33333333333333337,0.1111111111111111,0.3333333333333333
5c38642b1ede2b0001156a1b,virus,-0.6666666666666666,2.3979157616563596,0.4444444444444444,0.5270462766947299,0.0,0.0
5c38642b1ede2b0001156a1b,human,1.4444444444444444,2.006932429798716,0.7777777777777778,0.44095855184409843,0.0,0.0
5c38642b1ede2b0001156a1b,robot,0.1111111111111111,2.5221243250702594,0.5555555555555556,0.5270462766947299,0.1111111111111111,0.33333333333333337
5c38642b1ede2b0001156a1b,rock,-1.1111111111111112,2.204792759220492,0.3333333333333333,0.5,0.0,0.0
5c38642b1ede2b0001156a1b,artificial_intelligence,1.4444444444444444,2.1278575558006176,0.7777777777777778,0.44095855184409843,0.1111111111111111,0.33333333333333337
5c38642b1ede2b0001156a1b,god,-1.3333333333333333,1.4999999999999998,0.1111111111111111,0.3333333333333333,0.1111111111111111,0.3333333333333333
5c38642b1ede2b0001156a1b,computer,2.0,1.6583123951777,0.8888888888888888,0.33333333333333337,0.1111111111111111,0.3333333333333333
6163f0438cdf8e3d44667f2f,chimpanzee,-0.5555555555555556,1.509230856356236,0.3333333333333333,0.5,0.8888888888888888,0.33333333333333337
6163f0438cdf8e3d44667f2f,jelly_fish,-1.4444444444444444,1.0137937550497034,0.1111111111111111,0.33333333333333337,1.0,0.0
6163f0438cdf8e3d44667f2f,autonomous_car,-0.1111111111111111,1.8333333333333333,0.5555555555555556,0.5270462766947299,1.0,0.0
6163f0438cdf8e3d44667f2f,virus,-0.6666666666666666,0.9999999999999999,0.2222222222222222,0.44095855184409843,1.0,0.0
6163f0438cdf8e3d44667f2f,human,1.6666666666666667,0.5,1.0,0.0,1.0,0.0
6163f0438cdf8e3d44667f2f,robot,0.4444444444444444,1.8782379449307745,0.6666666666666666,0.5,0.8888888888888888,0.33333333333333337
6163f0438cdf8e3d44667f2f,rock,-1.1111111111111112,1.2692955176439846,0.2222222222222222,0.44095855184409843,0.7777777777777778,0.44095855184409843
6163f0438cdf8e3d44667f2f,artificial_intelligence,1.4444444444444444,1.0137937550497034,0.8888888888888888,0.33333333333333337,1.0,0.0
6163f0438cdf8e3d44667f2f,god,-0.6666666666666666,1.3228756555322954,0.2222222222222222,0.44095855184409843,0.7777777777777778,0.44095855184409843
6163f0438cdf8e3d44667f2f,computer,1.0,1.5,0.7777777777777778,0.44095855184409843,1.0,0.0
60f56f0103876eae7c0d870f,chimpanzee,1.2222222222222223,1.922093765778466,0.7777777777777778,0.44095855184409843,1.0,0.0
60f56f0103876eae7c0d870f,jelly_fish,0.3333333333333333,2.0615528128088303,0.6666666666666666,0.5,1.0,0.0
60f56f0103876eae7c0d870f,autonomous_car,-1.6666666666666667,0.7071067811865476,0.0,0.0,1.0,0.0
60f56f0103876eae7c0d870f,virus,-1.1111111111111112,1.3642254619787417,0.2222222222222222,0.44095855184409843,1.0,0.0
60f56f0103876eae7c0d870f,human,1.7777777777777777,1.922093765778466,0.8888888888888888,0.33333333333333337,1.0,0.0
60f56f0103876eae7c0d870f,robot,0.8888888888888888,1.536590742882148,0.7777777777777778,0.44095855184409843,1.0,0.0
60f56f0103876eae7c0d870f,rock,-1.5555555555555556,1.2360330811826103,0.1111111111111111,0.33333333333333337,1.0,0.0
60f56f0103876eae7c0d870f,artificial_intelligence,-0.6666666666666666,1.9364916731037085,0.4444444444444444,0.5270462766947299,1.0,0.0
60f56f0103876eae7c0d870f,god,1.4444444444444444,1.810463415200036,0.7777777777777778,0.44095855184409843,1.0,0.0
60f56f0103876eae7c0d870f,computer,-0.6666666666666666,1.5811388300841898,0.3333333333333333,0.5,1.0,0.0
6166ef334de9e433e83bfb79,chimpanzee,-1.3333333333333333,1.9364916731037083,0.2222222222222222,0.44095855184409843,0.2222222222222222,0.44095855184409843
6166ef334de9e433e83bfb79,jelly_fish,-2.0,0.5,0.0,0.0,0.1111111111111111,0.3333333333333333
6166ef334de9e433e83bfb79,autonomous_car,-0.5555555555555556,2.242270674512285,0.4444444444444444,0.5270462766947299,0.1111111111111111,0.33333333333333337
6166ef334de9e433e83bfb79,virus,-0.5555555555555556,2.242270674512285,0.4444444444444444,0.5270462766947299,0.0,0.0
6166ef334de9e433e83bfb79,human,1.5555555555555556,2.351122663277647,0.7777777777777778,0.44095855184409843,0.4444444444444444,0.5270462766947299
6166ef334de9e433e83bfb79,robot,0.3333333333333333,2.0615528128088303,0.5555555555555556,0.5270462766947299,0.2222222222222222,0.44095855184409843
6166ef334de9e433e83bfb79,rock,-1.7777777777777777,1.2018504251546631,0.1111111111111111,0.33333333333333337,0.0,0.0
6166ef334de9e433e83bfb79,artificial_intelligence,0.7777777777777778,2.1666666666666665,0.7777777777777778,0.44095855184409843,0.3333333333333333,0.5
6166ef334de9e433e83bfb79,god,3.0,0.0,1.0,0.0,0.0,0.0
6166ef334de9e433e83bfb79,computer,0.5555555555555556,2.185812841434,0.6666666666666666,0.5,0.3333333333333333,0.5
60143a1a222eb43daf203877,chimpanzee,-0.8888888888888888,2.7131367660166177,0.3333333333333333,0.5,0.0,0.0
60143a1a222eb43daf203877,jelly_fish,-2.0,2.0,0.2222222222222222,0.44095855184409843,0.0,0.0
60143a1a222eb43daf203877,autonomous_car,1.6666666666666667,1.224744871391589,0.8888888888888888,0.33333333333333337,0.0,0.0
60143a1a222eb43daf203877,virus,-1.7777777777777777,1.481365736219265,0.1111111111111111,0.33333333333333337,0.0,0.0
60143a1a222eb43daf203877,human,-0.2222222222222222,2.8625940062196116,0.4444444444444444,0.5270462766947299,0.0,0.0
60143a1a222eb43daf203877,robot,1.5555555555555556,1.6666666666666667,0.7777777777777778,0.44095855184409843,0.0,0.0
60143a1a222eb43daf203877,rock,-2.5555555555555554,0.7264831572567788,0.0,0.0,0.0,0.0
60143a1a222eb43daf203877,artificial_intelligence,1.5555555555555556,1.8782379449307742,0.8888888888888888,0.33333333333333337,0.0,0.0
60143a1a222eb43daf203877,god,0.7777777777777778,2.438123139721299,0.5555555555555556,0.5270462766947299,0.0,0.0
60143a1a222eb43daf203877,computer,1.8888888888888888,1.6914819275153699,0.7777777777777778,0.44095855184409843,0.0,0.0
615ddcbe6b2ef828956206f5,chimpanzee,-1.4444444444444444,1.5092308563562362,0.1111111111111111,0.3333333333333333,1.0,0.0
615ddcbe6b2ef828956206f5,jelly_fish,-1.6666666666666667,0.7071067811865476,0.0,0.0,1.0,0.0
615ddcbe6b2ef828956206f5,autonomous_car,0.1111111111111111,1.6158932858054431,0.6666666666666666,0.5,1.0,0.0
615ddcbe6b2ef828956206f5,virus,0.0,2.0,0.4444444444444444,0.5270462766947299,1.0,0.0
615ddcbe6b2ef828956206f5,human,-1.3333333333333333,1.4999999999999998,0.2222222222222222,0.44095855184409843,1.0,0.0
615ddcbe6b2ef828956206f5,robot,0.6666666666666666,2.29128784747792,0.6666666666666666,0.5,1.0,0.0
615ddcbe6b2ef828956206f5,rock,-0.1111111111111111,1.6158932858054431,0.5555555555555556,0.5270462766947299,1.0,0.0
615ddcbe6b2ef828956206f5,artificial_intelligence,2.3333333333333335,0.5,1.0,0.0,1.0,0.0
615ddcbe6b2ef828956206f5,god,-0.2222222222222222,2.048034287907418,0.4444444444444444,0.5270462766947299,1.0,0.0
615ddcbe6b2ef828956206f5,computer,1.6666666666666667,1.4142135623730951,0.8888888888888888,0.33333333333333337,1.0,0.0
5fb4f660e7d1522e042020df,chimpanzee,1.5555555555555556,2.127857555800617,0.7777777777777778,0.44095855184409843,1.0,0.0
5fb4f660e7d1522e042020df,jelly_fish,0.6666666666666666,2.598076211353316,0.6666666666666666,0.5,1.0,0.0
5fb4f660e7d1522e042020df,autonomous_car,0.3333333333333333,2.7386127875258306,0.5555555555555556,0.5270462766947299,1.0,0.0
5fb4f660e7d1522e042020df,virus,-2.0,2.0,0.2222222222222222,0.44095855184409843,1.0,0.0
5fb4f660e7d1522e042020df,human,2.0,2.0,0.8888888888888888,0.33333333333333337,1.0,0.0
5fb4f660e7d1522e042020df,robot,0.0,2.449489742783178,0.4444444444444444,0.5270462766947299,1.0,0.0
5fb4f660e7d1522e042020df,rock,-2.6666666666666665,0.7071067811865476,0.0,0.0,1.0,0.0
5fb4f660e7d1522e042020df,artificial_intelligence,-0.6666666666666666,2.7838821814150108,0.3333333333333333,0.5,1.0,0.0
5fb4f660e7d1522e042020df,god,3.0,0.0,1.0,0.0,1.0,0.0
5fb4f660e7d1522e042020df,computer,-2.2222222222222223,1.3944333775567925,0.1111111111111111,0.3333333333333333,1.0,0.0
60ff113dd2eee15e8f4dfeee,chimpanzee,1.3333333333333333,2.5495097567963922,0.7777777777777778,0.44095855184409843,0.7777777777777778,0.44095855184409843
60ff113dd2eee15e8f4dfeee,jelly_fish,0.6666666666666666,2.5495097567963922,0.6666666666666666,0.5,0.4444444444444444,0.5270462766947299
60ff113dd2eee15e8f4dfeee,autonomous_car,-2.0,1.5811388300841898,0.1111111111111111,0.33333333333333337,0.2222222222222222,0.44095855184409843
60ff113dd2eee15e8f4dfeee,virus,0.5555555555555556,2.2422706745122847,0.6666666666666666,0.5,0.5555555555555556,0.5270462766947299
60ff113dd2eee15e8f4dfeee,human,2.888888888888889,0.33333333333333337,1.0,0.0,0.6666666666666666,0.5
60ff113dd2eee15e8f4dfeee,robot,-0.8888888888888888,2.088327347690278,0.3333333333333333,0.5,0.7777777777777778,0.44095855184409843
60ff113dd2eee15e8f4dfeee,rock,-2.4444444444444446,0.7264831572567788,0.0,0.0,0.2222222222222222,0.44095855184409843
60ff113dd2eee15e8f4dfeee,artificial_intelligence,-0.4444444444444444,2.242270674512285,0.4444444444444444,0.5270462766947299,0.8888888888888888,0.33333333333333337
60ff113dd2eee15e8f4dfeee,god,1.4444444444444444,2.3511226632776476,0.7777777777777778,0.44095855184409843,0.6666666666666666,0.5
60ff113dd2eee15e8f4dfeee,computer,-1.1111111111111112,1.6914819275153699,0.2222222222222222,0.44095855184409843,0.5555555555555556,0.5270462766947299
613d398018d33fdb9701ed19,chimpanzee,0.6666666666666666,2.0,0.6666666666666666,0.5,1.0,0.0
613d398018d33fdb9701ed19,jelly_fish,-0.2222222222222222,2.1081851067789197,0.4444444444444444,0.5270462766947299,1.0,0.0
613d398018d33fdb9701ed19,autonomous_car,0.3333333333333333,2.0,0.5555555555555556,0.5270462766947299,1.0,0.0
613d398018d33fdb9701ed19,virus,0.6666666666666666,2.0,0.6666666666666666,0.5,1.0,0.0
613d398018d33fdb9701ed19,human,1.4444444444444444,1.3333333333333335,0.8888888888888888,0.33333333333333337,1.0,0.0
613d398018d33fdb9701ed19,robot,-0.6666666666666666,2.0,0.3333333333333333,0.5,1.0,0.0
613d398018d33fdb9701ed19,rock,-2.0,0.0,0.0,0.0,1.0,0.0
613d398018d33fdb9701ed19,artificial_intelligence,-0.6666666666666666,2.0,0.3333333333333333,0.5,1.0,0.0
613d398018d33fdb9701ed19,god,1.5555555555555556,1.3333333333333333,0.8888888888888888,0.33333333333333337,1.0,0.0
613d398018d33fdb9701ed19,computer,-1.1111111111111112,1.7638342073763937,0.2222222222222222,0.44095855184409843,1.0,0.0
5ddedc1ac5faa2e4d356d45d,chimpanzee,-0.8888888888888888,2.2607766610417563,0.3333333333333333,0.5,1.0,0.0
5ddedc1ac5faa2e4d356d45d,jelly_fish,-2.111111111111111,1.6914819275153699,0.1111111111111111,0.33333333333333337,1.0,0.0
5ddedc1ac5faa2e4d356d45d,autonomous_car,0.4444444444444444,3.0459444804161775,0.5555555555555556,0.5270462766947299,1.0,0.0
5ddedc1ac5faa2e4d356d45d,virus,-1.5555555555555556,1.810463415200036,0.2222222222222222,0.44095855184409843,1.0,0.0
5ddedc1ac5faa2e4d356d45d,human,-0.4444444444444444,2.650995620097811,0.4444444444444444,0.5270462766947299,1.0,0.0
5ddedc1ac5faa2e4d356d45d,robot,0.8888888888888888,2.5221243250702594,0.6666666666666666,0.5,1.0,0.0
5ddedc1ac5faa2e4d356d45d,rock,-2.6666666666666665,0.5,0.0,0.0,1.0,0.0
5ddedc1ac5faa2e4d356d45d,artificial_intelligence,2.111111111111111,1.9649710204252657,0.8888888888888888,0.33333333333333337,0.8888888888888888,0.33333333333333337
5ddedc1ac5faa2e4d356d45d,god,2.7777777777777777,0.4409585518440984,1.0,0.0,0.8888888888888888,0.33333333333333337
5ddedc1ac5faa2e4d356d45d,computer,1.4444444444444444,2.3511226632776476,0.7777777777777778,0.44095855184409843,1.0,0.0
6107a72fb967e5834664701f,chimpanzee,-1.7777777777777777,1.6414763002993509,0.2222222222222222,0.44095855184409843,1.0,0.0
6107a72fb967e5834664701f,jelly_fish,-2.0,1.3228756555322954,0.1111111111111111,0.33333333333333337,1.0,0.0
6107a72fb967e5834664701f,autonomous_car,0.5555555555555556,1.5898986690282428,0.5555555555555556,0.5270462766947299,1.0,0.0
6107a72fb967e5834664701f,virus,-0.3333333333333333,1.8027756377319948,0.3333333333333333,0.5,1.0,0.0
6107a72fb967e5834664701f,human,1.6666666666666667,0.8660254037844387,1.0,0.0,1.0,0.0
6107a72fb967e5834664701f,robot,1.1111111111111112,1.7638342073763937,0.6666666666666666,0.5,1.0,0.0
6107a72fb967e5834664701f,rock,-2.3333333333333335,0.8660254037844387,0.0,0.0,1.0,0.0
6107a72fb967e5834664701f,artificial_intelligence,1.2222222222222223,1.7873008824606014,0.7777777777777778,0.44095855184409843,1.0,0.0
6107a72fb967e5834664701f,god,0.3333333333333333,1.6583123951777,0.4444444444444444,0.5270462766947299,1.0,0.0
6107a72fb967e5834664701f,computer,1.5555555555555556,1.3333333333333333,0.8888888888888888,0.33333333333333337,1.0,0.0
5999ad2a0ed7ae0001991b57,chimpanzee,-1.0,1.5811388300841898,0.3333333333333333,0.5,1.0,0.0
5999ad2a0ed7ae0001991b57,jelly_fish,-1.5555555555555556,1.4240006242195886,0.1111111111111111,0.33333333333333337,1.0,0.0
5999ad2a0ed7ae0001991b57,autonomous_car,1.1111111111111112,1.7638342073763937,0.7777777777777778,0.44095855184409843,1.0,0.0
5999ad2a0ed7ae0001991b57,virus,-1.0,1.5,0.2222222222222222,0.44095855184409843,1.0,0.0
5999ad2a0ed7ae0001991b57,human,1.6666666666666667,1.4142135623730951,0.8888888888888888,0.33333333333333337,1.0,0.0
5999ad2a0ed7ae0001991b57,robot,0.1111111111111111,2.0275875100994063,0.5555555555555556,0.5270462766947299,1.0,0.0
5999ad2a0ed7ae0001991b57,rock,-1.6666666666666667,0.5,0.0,0.0,1.0,0.0
5999ad2a0ed7ae0001991b57,artificial_intelligence,2.111111111111111,0.33333333333333337,1.0,0.0,1.0,0.0
5999ad2a0ed7ae0001991b57,god,0.0,1.9364916731037085,0.5555555555555556,0.5270462766947299,1.0,0.0
5999ad2a0ed7ae0001991b57,computer,0.2222222222222222,2.1081851067789197,0.5555555555555556,0.5270462766947299,1.0,0.0
613e0db08ed0a1b88e057a44,chimpanzee,0.6666666666666666,2.0615528128088303,0.6666666666666666,0.5,1.0,0.0
613e0db08ed0a1b88e057a44,jelly_fish,0.6666666666666666,1.3228756555322951,0.6666666666666666,0.5,1.0,0.0
613e0db08ed0a1b88e057a44,autonomous_car,0.0,1.9364916731037085,0.5555555555555556,0.5270462766947299,1.0,0.0
613e0db08ed0a1b88e057a44,virus,-0.7777777777777778,1.092906420717,0.2222222222222222,0.44095855184409843,1.0,0.0
613e0db08ed0a1b88e057a44,human,1.5555555555555556,0.5270462766947299,1.0,0.0,1.0,0.0
613e0db08ed0a1b88e057a44,robot,-0.7777777777777778,1.3944333775567928,0.2222222222222222,0.44095855184409843,1.0,0.0
613e0db08ed0a1b88e057a44,rock,-1.7777777777777777,0.6666666666666666,0.0,0.0,1.0,0.0
613e0db08ed0a1b88e057a44,artificial_intelligence,0.3333333333333333,1.5811388300841898,0.5555555555555556,0.5270462766947299,0.8888888888888888,0.33333333333333337
613e0db08ed0a1b88e057a44,god,0.2222222222222222,1.7159383568311668,0.6666666666666666,0.5,1.0,0.0
613e0db08ed0a1b88e057a44,computer,-0.1111111111111111,1.6158932858054431,0.4444444444444444,0.5270462766947299,0.8888888888888888,0.33333333333333337
5f20df2af5d0c24208c88315,chimpanzee,1.2222222222222223,1.7159383568311668,0.7777777777777778,0.44095855184409843,1.0,0.0
5f20df2af5d0c24208c88315,jelly_fish,-0.4444444444444444,1.7400510848184252,0.4444444444444444,0.5270462766947299,1.0,0.0
5f20df2af5d0c24208c88315,autonomous_car,-1.2222222222222223,1.4813657362192647,0.2222222222222222,0.44095855184409843,1.0,0.0
5f20df2af5d0c24208c88315,virus,0.0,1.5,0.5555555555555556,0.5270462766947299,1.0,0.0
5f20df2af5d0c24208c88315,human,2.111111111111111,0.7817359599705717,1.0,0.0,1.0,0.0
5f20df2af5d0c24208c88315,robot,-1.0,1.224744871391589,0.2222222222222222,0.44095855184409843,1.0,0.0
5f20df2af5d0c24208c88315,rock,-2.0,0.8660254037844386,0.0,0.0,1.0,0.0
5f20df2af5d0c24208c88315,artificial_intelligence,0.6666666666666666,1.3228756555322951,0.6666666666666666,0.5,1.0,0.0
5f20df2af5d0c24208c88315,god,1.5555555555555556,1.130388330520878,0.8888888888888888,0.33333333333333337,1.0,0.0
5f20df2af5d0c24208c88315,computer,-0.8888888888888888,1.452966314513558,0.2222222222222222,0.44095855184409843,1.0,0.0
5e95b5ae0295ea01d7ce532b,chimpanzee,-0.6666666666666666,1.6583123951777001,0.4444444444444444,0.5270462766947299,1.0,0.0
5e95b5ae0295ea01d7ce532b,jelly_fish,-0.7777777777777778,1.3944333775567928,0.3333333333333333,0.5,1.0,0.0
5e95b5ae0295ea01d7ce532b,autonomous_car,1.0,1.7320508075688772,0.7777777777777778,0.44095855184409843,1.0,0.0
5e95b5ae0295ea01d7ce532b,virus,2.0,0.0,1.0,0.0,1.0,0.0
5e95b5ae0295ea01d7ce532b,human,1.6666666666666667,1.4142135623730951,0.8888888888888888,0.33333333333333337,1.0,0.0
5e95b5ae0295ea01d7ce532b,robot,0.3333333333333333,1.8027756377319948,0.6666666666666666,0.5,1.0,0.0
5e95b5ae0295ea01d7ce532b,rock,-1.6666666666666667,0.5,0.0,0.0,1.0,0.0
5e95b5ae0295ea01d7ce532b,artificial_intelligence,-0.3333333333333333,1.5811388300841898,0.3333333333333333,0.5,1.0,0.0
5e95b5ae0295ea01d7ce532b,god,-1.3333333333333333,0.9999999999999999,0.1111111111111111,0.3333333333333333,1.0,0.0
5e95b5ae0295ea01d7ce532b,computer,-0.2222222222222222,1.922093765778466,0.4444444444444444,0.5270462766947299,1.0,0.0
5e307a080551ae02939239f3,chimpanzee,-1.0,2.0615528128088303,0.3333333333333333,0.5,1.0,0.0
5e307a080551ae02939239f3,jelly_fish,-1.1111111111111112,1.6914819275153699,0.3333333333333333,0.5,1.0,0.0
5e307a080551ae02939239f3,autonomous_car,0.2222222222222222,2.6352313834736494,0.5555555555555556,0.5270462766947299,1.0,0.0
5e307a080551ae02939239f3,virus,-2.4444444444444446,0.7264831572567788,0.0,0.0,1.0,0.0
5e307a080551ae02939239f3,human,3.0,0.0,1.0,0.0,1.0,0.0
5e307a080551ae02939239f3,robot,0.0,2.5,0.5555555555555556,0.5270462766947299,1.0,0.0
5e307a080551ae02939239f3,rock,-1.7777777777777777,1.6414763002993507,0.1111111111111111,0.33333333333333337,1.0,0.0
5e307a080551ae02939239f3,artificial_intelligence,-0.4444444444444444,2.185812841434,0.4444444444444444,0.5270462766947299,1.0,0.0
5e307a080551ae02939239f3,god,2.2222222222222223,1.9860625479688307,0.8888888888888888,0.33333333333333337,1.0,0.0
5e307a080551ae02939239f3,computer,1.3333333333333333,2.5,0.7777777777777778,0.44095855184409843,1.0,0.0
60339afe243dc403d0e2eab1,chimpanzee,1.2222222222222223,1.855921454276674,0.7777777777777778,0.44095855184409843,0.8888888888888888,0.33333333333333337
60339afe243dc403d0e2eab1,jelly_fish,0.0,1.8027756377319946,0.6666666666666666,0.5,0.3333333333333333,0.5
60339afe243dc403d0e2eab1,autonomous_car,-1.1111111111111112,1.6914819275153699,0.1111111111111111,0.33333333333333337,0.3333333333333333,0.5
60339afe243dc403d0e2eab1,virus,-0.1111111111111111,2.204792759220492,0.5555555555555556,0.5270462766947299,0.1111111111111111,0.33333333333333337
60339afe243dc403d0e2eab1,human,1.7777777777777777,1.4813657362192647,0.8888888888888888,0.33333333333333337,1.0,0.0
60339afe243dc403d0e2eab1,robot,-0.6666666666666666,1.6583123951777001,0.3333333333333333,0.5,0.5555555555555556,0.5270462766947299
60339afe243dc403d0e2eab1,rock,-2.4444444444444446,0.7264831572567788,0.0,0.0,0.5555555555555556,0.5270462766947299
60339afe243dc403d0e2eab1,artificial_intelligence,-0.5555555555555556,1.5898986690282426,0.4444444444444444,0.5270462766947299,0.5555555555555556,0.5270462766947299
60339afe243dc403d0e2eab1,god,2.7777777777777777,0.4409585518440984,1.0,0.0,0.6666666666666666,0.5
60339afe243dc403d0e2eab1,computer,-0.8888888888888888,1.7638342073763937,0.2222222222222222,0.44095855184409843,0.5555555555555556,0.5270462766947299
60e1c5e1e506ceb7e0d46bae,chimpanzee,1.7777777777777777,1.922093765778466,0.8888888888888888,0.33333333333333337,1.0,0.0
60e1c5e1e506ceb7e0d46bae,jelly_fish,0.4444444444444444,2.185812841434,0.6666666666666666,0.5,1.0,0.0
60e1c5e1e506ceb7e0d46bae,autonomous_car,-0.3333333333333333,1.6583123951777,0.5555555555555556,0.5270462766947299,1.0,0.0
60e1c5e1e506ceb7e0d46bae,virus,-1.1111111111111112,1.7638342073763937,0.3333333333333333,0.5,0.8888888888888888,0.33333333333333337
60e1c5e1e506ceb7e0d46bae,human,1.6666666666666667,2.179449471770337,0.7777777777777778,0.44095855184409843,1.0,0.0
60e1c5e1e506ceb7e0d46bae,robot,-1.5555555555555556,1.3333333333333333,0.1111111111111111,0.33333333333333337,0.8888888888888888,0.33333333333333337
60e1c5e1e506ceb7e0d46bae,rock,-2.0,1.0,0.0,0.0,0.8888888888888888,0.33333333333333337
60e1c5e1e506ceb7e0d46bae,artificial_intelligence,-0.3333333333333333,1.8708286933869709,0.4444444444444444,0.5270462766947299,1.0,0.0
60e1c5e1e506ceb7e0d46bae,god,2.888888888888889,0.33333333333333337,1.0,0.0,1.0,0.0
60e1c5e1e506ceb7e0d46bae,computer,-1.4444444444444444,1.5898986690282428,0.2222222222222222,0.44095855184409843,0.6666666666666666,0.5
6155dbebf281b0d024a1547e,chimpanzee,1.7777777777777777,2.223610677354389,0.7777777777777778,0.44095855184409843,1.0,0.0
6155dbebf281b0d024a1547e,jelly_fish,-1.0,1.9364916731037085,0.2222222222222222,0.44095855184409843,1.0,0.0
6155dbebf281b0d024a1547e,autonomous_car,-1.0,2.0,0.4444444444444444,0.5270462766947299,1.0,0.0
6155dbebf281b0d024a1547e,virus,-0.4444444444444444,2.006932429798716,0.3333333333333333,0.5,0.7777777777777778,0.44095855184409843
6155dbebf281b0d024a1547e,human,2.888888888888889,0.33333333333333337,1.0,0.0,0.8888888888888888,0.33333333333333337
6155dbebf281b0d024a1547e,robot,-0.1111111111111111,2.147349787787521,0.5555555555555556,0.5270462766947299,1.0,0.0
6155dbebf281b0d024a1547e,rock,-2.4444444444444446,0.7264831572567788,0.0,0.0,1.0,0.0
6155dbebf281b0d024a1547e,artificial_intelligence,1.4444444444444444,1.810463415200036,0.8888888888888888,0.33333333333333337,1.0,0.0
6155dbebf281b0d024a1547e,god,-0.1111111111111111,2.3687784005919825,0.4444444444444444,0.5270462766947299,1.0,0.0
6155dbebf281b0d024a1547e,computer,-1.0,1.9364916731037085,0.3333333333333333,0.5,0.8888888888888888,0.33333333333333337
60fca702ccf4e75d6baf1fc2,chimpanzee,1.8888888888888888,1.3642254619787415,0.8888888888888888,0.33333333333333337,1.0,0.0
60fca702ccf4e75d6baf1fc2,jelly_fish,1.6666666666666667,2.23606797749979,0.7777777777777778,0.44095855184409843,1.0,0.0
60fca702ccf4e75d6baf1fc2,autonomous_car,-1.3333333333333333,1.8708286933869704,0.3333333333333333,0.5,0.5555555555555556,0.5270462766947299
60fca702ccf4e75d6baf1fc2,virus,1.4444444444444444,1.8782379449307745,0.6666666666666666,0.5,1.0,0.0
60fca702ccf4e75d6baf1fc2,human,2.4444444444444446,0.8819171036881968,1.0,0.0,1.0,0.0
60fca702ccf4e75d6baf1fc2,robot,-1.4444444444444444,1.5898986690282428,0.2222222222222222,0.44095855184409843,0.5555555555555556,0.5270462766947299
60fca702ccf4e75d6baf1fc2,rock,-2.0,1.0,0.0,0.0,0.5555555555555556,0.5270462766947299
60fca702ccf4e75d6baf1fc2,artificial_intelligence,-1.1111111111111112,2.0275875100994063,0.4444444444444444,0.5270462766947299,0.6666666666666666,0.5
60fca702ccf4e75d6baf1fc2,god,0.1111111111111111,2.260776661041756,0.5555555555555556,0.5270462766947299,1.0,0.0
60fca702ccf4e75d6baf1fc2,computer,-1.6666666666666667,1.3228756555322954,0.1111111111111111,0.3333333333333333,0.6666666666666666,0.5
6106fd38393f15b301d745d2,chimpanzee,1.0,2.1213203435596424,0.7777777777777778,0.44095855184409843,0.5555555555555556,0.5270462766947299
6106fd38393f15b301d745d2,jelly_fish,-0.2222222222222222,2.279132388529557,0.4444444444444444,0.5270462766947299,0.4444444444444444,0.5270462766947299
6106fd38393f15b301d745d2,autonomous_car,-1.0,1.8708286933869707,0.2222222222222222,0.44095855184409843,0.0,0.0
6106fd38393f15b301d745d2,virus,-0.5555555555555556,2.2422706745122847,0.3333333333333333,0.5,0.5555555555555556,0.5270462766947299
6106fd38393f15b301d745d2,human,3.0,0.0,1.0,0.0,0.6666666666666666,0.5
6106fd38393f15b301d745d2,robot,0.5555555555555556,2.068278940998476,0.6666666666666666,0.5,0.4444444444444444,0.5270462766947299
6106fd38393f15b301d745d2,rock,-1.7777777777777777,1.922093765778466,0.1111111111111111,0.3333333333333333,0.6666666666666666,0.5
6106fd38393f15b301d745d2,artificial_intelligence,1.6666666666666667,1.8708286933869709,0.8888888888888888,0.33333333333333337,0.6666666666666666,0.5
6106fd38393f15b301d745d2,god,-3.0,0.0,0.0,0.0,0.0,0.0
6106fd38393f15b301d745d2,computer,0.3333333333333333,2.345207879911715,0.5555555555555556,0.5270462766947299,0.4444444444444444,0.5270462766947299
5e5b08677394743009ffcc8b,chimpanzee,-0.4444444444444444,1.1303883305208782,0.3333333333333333,0.5,0.8888888888888888,0.33333333333333337
5e5b08677394743009ffcc8b,jelly_fish,0.2222222222222222,1.481365736219265,0.5555555555555556,0.5270462766947299,1.0,0.0
5e5b08677394743009ffcc8b,autonomous_car,-1.3333333333333333,0.5,0.0,0.0,1.0,0.0
5e5b08677394743009ffcc8b,virus,0.8888888888888888,1.1666666666666667,0.7777777777777778,0.44095855184409843,0.8888888888888888,0.33333333333333337
5e5b08677394743009ffcc8b,human,0.6666666666666666,1.5811388300841898,0.6666666666666666,0.5,1.0,0.0
5e5b08677394743009ffcc8b,robot,-0.8888888888888888,1.69148192751537,0.2222222222222222,0.44095855184409843,1.0,0.0
5e5b08677394743009ffcc8b,rock,-0.4444444444444444,1.130388330520878,0.3333333333333333,0.5,1.0,0.0
5e5b08677394743009ffcc8b,artificial_intelligence,1.0,0.8660254037844386,0.8888888888888888,0.33333333333333337,1.0,0.0
5e5b08677394743009ffcc8b,god,0.7777777777777778,1.0929064207170003,0.8888888888888888,0.33333333333333337,1.0,0.0
5e5b08677394743009ffcc8b,computer,-0.4444444444444444,1.6666666666666667,0.3333333333333333,0.5,1.0,0.0
6090397fdf27ef27909b759c,chimpanzee,-1.2222222222222223,2.438123139721299,0.2222222222222222,0.44095855184409843,0.4444444444444444,0.5270462766947299
6090397fdf27ef27909b759c,jelly_fish,-2.5555555555555554,0.7264831572567788,0.0,0.0,0.0,0.0
6090397fdf27ef27909b759c,autonomous_car,0.4444444444444444,2.6034165586355518,0.5555555555555556,0.5270462766947299,0.6666666666666666,0.5
6090397fdf27ef27909b759c,virus,-0.5555555555555556,2.697735676039774,0.4444444444444444,0.5270462766947299,0.3333333333333333,0.5
6090397fdf27ef27909b759c,human,3.0,0.0,1.0,0.0,0.6666666666666666,0.5
6090397fdf27ef27909b759c,robot,0.5555555555555556,2.697735676039774,0.6666666666666666,0.5,0.7777777777777778,0.44095855184409843
6090397fdf27ef27909b759c,rock,-2.5555555555555554,1.3333333333333335,0.1111111111111111,0.33333333333333337,0.0,0.0
6090397fdf27ef27909b759c,artificial_intelligence,2.111111111111111,1.9649710204252657,0.8888888888888888,0.33333333333333337,0.5555555555555556,0.5270462766947299
6090397fdf27ef27909b759c,god,0.4444444444444444,3.0459444804161775,0.5555555555555556,0.5270462766947299,0.5555555555555556,0.5270462766947299
6090397fdf27ef27909b759c,computer,0.3333333333333333,2.738612787525831,0.5555555555555556,0.5270462766947299,0.6666666666666666,0.5
609d83db80dca3574b10fc71,chimpanzee,-0.3333333333333333,1.0,0.3333333333333333,0.5,0.7777777777777778,0.44095855184409843
609d83db80dca3574b10fc71,jelly_fish,-1.2222222222222223,0.4409585518440984,0.0,0.0,0.6666666666666666,0.5
609d83db80dca3574b10fc71,autonomous_car,1.1111111111111112,0.33333333333333337,1.0,0.0,1.0,0.0
609d83db80dca3574b10fc71,virus,-0.5555555555555556,0.8819171036881969,0.2222222222222222,0.44095855184409843,0.6666666666666666,0.5
609d83db80dca3574b10fc71,human,1.0,0.8660254037844386,0.8888888888888888,0.33333333333333337,1.0,0.0
609d83db80dca3574b10fc71,robot,-0.1111111111111111,1.0540925533894598,0.4444444444444444,0.5270462766947299,1.0,0.0
609d83db80dca3574b10fc71,rock,-1.1111111111111112,0.927960727138337,0.1111111111111111,0.33333333333333337,0.7777777777777778,0.44095855184409843
609d83db80dca3574b10fc71,artificial_intelligence,0.2222222222222222,1.2018504251546631,0.5555555555555556,0.5270462766947299,1.0,0.0
609d83db80dca3574b10fc71,god,0.3333333333333333,1.0,0.6666666666666666,0.5,1.0,0.0
609d83db80dca3574b10fc71,computer,0.6666666666666666,0.9999999999999999,0.7777777777777778,0.44095855184409843,1.0,0.0
5ea352855d02232c906f62d8,chimpanzee,-1.1111111111111112,1.2692955176439846,0.2222222222222222,0.44095855184409843,0.8888888888888888,0.33333333333333337
5ea352855d02232c906f62d8,jelly_fish,-0.3333333333333333,1.5811388300841898,0.4444444444444444,0.5270462766947299,0.6666666666666666,0.5
5ea352855d02232c906f62d8,autonomous_car,-0.4444444444444444,1.6666666666666667,0.4444444444444444,0.5270462766947299,1.0,0.0
5ea352855d02232c906f62d8,virus,0.6666666666666666,1.8027756377319948,0.6666666666666666,0.5,0.8888888888888888,0.33333333333333337
5ea352855d02232c906f62d8,human,2.0,0.0,1.0,0.0,1.0,0.0
5ea352855d02232c906f62d8,robot,-0.2222222222222222,1.7159383568311668,0.4444444444444444,0.5270462766947299,0.6666666666666666,0.5
5ea352855d02232c906f62d8,rock,-1.5555555555555556,0.5270462766947299,0.0,0.0,0.6666666666666666,0.5
5ea352855d02232c906f62d8,artificial_intelligence,1.4444444444444444,1.3333333333333335,0.8888888888888888,0.33333333333333337,1.0,0.0
5ea352855d02232c906f62d8,god,-1.2222222222222223,0.9718253158075502,0.1111111111111111,0.3333333333333333,0.6666666666666666,0.5
5ea352855d02232c906f62d8,computer,0.7777777777777778,1.6414763002993509,0.7777777777777778,0.44095855184409843,1.0,0.0
611d90d349308db31d30014f,chimpanzee,-0.8888888888888888,2.2607766610417563,0.3333333333333333,0.5,1.0,0.0
611d90d349308db31d30014f,jelly_fish,-2.2222222222222223,1.6414763002993507,0.1111111111111111,0.33333333333333337,1.0,0.0
611d90d349308db31d30014f,autonomous_car,-0.5555555555555556,2.2422706745122847,0.3333333333333333,0.5,1.0,0.0
611d90d349308db31d30014f,virus,1.7777777777777777,1.481365736219265,0.8888888888888888,0.33333333333333337,1.0,0.0
611d90d349308db31d30014f,human,1.6666666666666667,1.224744871391589,0.8888888888888888,0.33333333333333337,1.0,0.0
611d90d349308db31d30014f,robot,0.1111111111111111,2.1473497877875207,0.5555555555555556,0.5270462766947299,1.0,0.0
611d90d349308db31d30014f,rock,-2.6666666666666665,0.7071067811865476,0.0,0.0,1.0,0.0
611d90d349308db31d30014f,artificial_intelligence,0.8888888888888888,2.3154073315749675,0.6666666666666666,0.5,1.0,0.0
611d90d349308db31d30014f,god,1.5555555555555556,1.8104634152000358,0.7777777777777778,0.44095855184409843,1.0,0.0
611d90d349308db31d30014f,computer,0.3333333333333333,2.345207879911715,0.4444444444444444,0.5270462766947299,1.0,0.0
5fe7b6d7baa7c46725b4e530,chimpanzee,-0.5555555555555556,2.1278575558006176,0.3333333333333333,0.5,1.0,0.0
5fe7b6d7baa7c46725b4e530,jelly_fish,-2.0,1.4142135623730951,0.1111111111111111,0.33333333333333337,0.7777777777777778,0.44095855184409843
5fe7b6d7baa7c46725b4e530,autonomous_car,1.3333333333333333,2.1213203435596424,0.6666666666666666,0.5,1.0,0.0
5fe7b6d7baa7c46725b4e530,virus,-1.3333333333333333,1.8708286933869707,0.3333333333333333,0.5,1.0,0.0
5fe7b6d7baa7c46725b4e530,human,2.4444444444444446,0.8819171036881968,1.0,0.0,1.0,0.0
5fe7b6d7baa7c46725b4e530,robot,1.6666666666666667,1.9364916731037085,0.8888888888888888,0.33333333333333337,0.8888888888888888,0.33333333333333337
5fe7b6d7baa7c46725b4e530,rock,-2.111111111111111,1.4529663145135578,0.1111111111111111,0.3333333333333333,1.0,0.0
5fe7b6d7baa7c46725b4e530,artificial_intelligence,1.1111111111111112,1.4529663145135576,0.7777777777777778,0.44095855184409843,1.0,0.0
5fe7b6d7baa7c46725b4e530,god,-1.4444444444444444,1.6666666666666667,0.2222222222222222,0.44095855184409843,1.0,0.0
5fe7b6d7baa7c46725b4e530,computer,0.8888888888888888,2.571208103423585,0.5555555555555556,0.5270462766947299,0.8888888888888888,0.33333333333333337
6063211b7de1f848fb436f5c,chimpanzee,1.6666666666666667,1.4142135623730951,0.8888888888888888,0.33333333333333337,0.8888888888888888,0.33333333333333337
6063211b7de1f848fb436f5c,jelly_fish,0.8888888888888888,1.6914819275153699,0.7777777777777778,0.44095855184409843,0.8888888888888888,0.33333333333333337
6063211b7de1f848fb436f5c,autonomous_car,-1.2222222222222223,1.3944333775567928,0.2222222222222222,0.44095855184409843,0.7777777777777778,0.44095855184409843
6063211b7de1f848fb436f5c,virus,-0.1111111111111111,1.6158932858054431,0.5555555555555556,0.5270462766947299,0.5555555555555556,0.5270462766947299
6063211b7de1f848fb436f5c,human,2.4444444444444446,0.5270462766947298,1.0,0.0,0.8888888888888888,0.33333333333333337
6063211b7de1f848fb436f5c,robot,-0.3333333333333333,1.3228756555322954,0.4444444444444444,0.5270462766947299,1.0,0.0
6063211b7de1f848fb436f5c,rock,-1.3333333333333333,1.1180339887498947,0.1111111111111111,0.3333333333333333,0.7777777777777778,0.44095855184409843
6063211b7de1f848fb436f5c,artificial_intelligence,0.2222222222222222,2.048034287907418,0.6666666666666666,0.5,0.8888888888888888,0.33333333333333337
6063211b7de1f848fb436f5c,god,-1.8888888888888888,0.927960727138337,0.0,0.0,0.1111111111111111,0.3333333333333333
6063211b7de1f848fb436f5c,computer,-0.3333333333333333,1.8027756377319948,0.3333333333333333,0.5,0.7777777777777778,0.44095855184409843
6106ce151a47f7b687062eea,chimpanzee,-1.7777777777777777,1.2018504251546631,0.1111111111111111,0.3333333333333333,0.8888888888888888,0.33333333333333337
6106ce151a47f7b687062eea,jelly_fish,-2.2222222222222223,0.8333333333333334,0.0,0.0,1.0,0.0
6106ce151a47f7b687062eea,autonomous_car,-0.2222222222222222,1.922093765778466,0.4444444444444444,0.5270462766947299,1.0,0.0
6106ce151a47f7b687062eea,virus,1.6666666666666667,1.8708286933869707,0.7777777777777778,0.44095855184409843,1.0,0.0
6106ce151a47f7b687062eea,human,1.5555555555555556,1.5898986690282428,0.8888888888888888,0.33333333333333337,1.0,0.0
6106ce151a47f7b687062eea,robot,0.5555555555555556,2.0682789409984763,0.5555555555555556,0.5270462766947299,1.0,0.0
6106ce151a47f7b687062eea,rock,-1.6666666666666667,1.8708286933869709,0.2222222222222222,0.44095855184409843,0.8888888888888888,0.33333333333333337
6106ce151a47f7b687062eea,artificial_intelligence,1.4444444444444444,1.810463415200036,0.7777777777777778,0.44095855184409843,1.0,0.0
6106ce151a47f7b687062eea,god,-0.3333333333333333,2.0615528128088303,0.4444444444444444,0.5270462766947299,0.8888888888888888,0.33333333333333337
6106ce151a47f7b687062eea,computer,1.0,1.9364916731037085,0.7777777777777778,0.44095855184409843,0.8888888888888888,0.33333333333333337
5eaf0e378f26940719d2b02e,chimpanzee,-0.6666666666666666,1.4142135623730951,0.3333333333333333,0.5,0.5555555555555556,0.5270462766947299
5eaf0e378f26940719d2b02e,jelly_fish,-1.3333333333333333,1.1180339887498947,0.1111111111111111,0.33333333333333337,0.2222222222222222,0.44095855184409843
5eaf0e378f26940719d2b02e,autonomous_car,0.1111111111111111,1.3642254619787417,0.5555555555555556,0.5270462766947299,0.6666666666666666,0.5
5eaf0e378f26940719d2b02e,virus,0.0,1.8027756377319946,0.4444444444444444,0.5270462766947299,0.6666666666666666,0.5
5eaf0e378f26940719d2b02e,human,1.0,1.8027756377319946,0.7777777777777778,0.44095855184409843,0.8888888888888888,0.33333333333333337
5eaf0e378f26940719d2b02e,robot,0.3333333333333333,1.6583123951777,0.6666666666666666,0.5,0.8888888888888888,0.33333333333333337
5eaf0e378f26940719d2b02e,rock,-1.5555555555555556,0.881917103688197,0.0,0.0,0.3333333333333333,0.5
5eaf0e378f26940719d2b02e,artificial_intelligence,1.1111111111111112,1.0540925533894598,0.8888888888888888,0.33333333333333337,0.5555555555555556,0.5270462766947299
5eaf0e378f26940719d2b02e,god,-0.8888888888888888,1.1666666666666667,0.2222222222222222,0.44095855184409843,0.4444444444444444,0.5270462766947299
5eaf0e378f26940719d2b02e,computer,1.8888888888888888,1.0540925533894598,1.0,0.0,1.0,0.0
6143273ed573af378dd0a0cb,chimpanzee,1.1111111111111112,2.0275875100994063,0.7777777777777778,0.44095855184409843,0.8888888888888888,0.33333333333333337
6143273ed573af378dd0a0cb,jelly_fish,-0.4444444444444444,2.242270674512285,0.3333333333333333,0.5,0.8888888888888888,0.33333333333333337
6143273ed573af378dd0a0cb,autonomous_car,0.6666666666666666,2.0,0.6666666666666666,0.5,0.7777777777777778,0.44095855184409843
6143273ed573af378dd0a0cb,virus,-0.7777777777777778,2.2236106773543893,0.2222222222222222,0.44095855184409843,0.7777777777777778,0.44095855184409843
6143273ed573af378dd0a0cb,human,2.5555555555555554,0.8819171036881968,1.0,0.0,0.8888888888888888,0.33333333333333337
6143273ed573af378dd0a0cb,robot,0.6666666666666666,2.0,0.6666666666666666,0.5,1.0,0.0
6143273ed573af378dd0a0cb,rock,-2.3333333333333335,2.0,0.1111111111111111,0.3333333333333333,0.8888888888888888,0.33333333333333337
6143273ed573af378dd0a0cb,artificial_intelligence,1.0,1.6583123951777,0.6666666666666666,0.5,1.0,0.0
6143273ed573af378dd0a0cb,god,-3.0,0.0,0.0,0.0,0.6666666666666666,0.5
6143273ed573af378dd0a0cb,computer,0.5555555555555556,2.1278575558006176,0.5555555555555556,0.5270462766947299,0.8888888888888888,0.33333333333333337
60399236302d0732bdb88541,chimpanzee,0.8888888888888888,1.8333333333333333,0.6666666666666666,0.5,0.5555555555555556,0.5270462766947299
60399236302d0732bdb88541,jelly_fish,-2.0,1.5811388300841898,0.1111111111111111,0.33333333333333337,0.2222222222222222,0.44095855184409843
60399236302d0732bdb88541,autonomous_car,-1.2222222222222223,1.6414763002993507,0.2222222222222222,0.44095855184409843,0.4444444444444444,0.5270462766947299
60399236302d0732bdb88541,virus,1.1111111111111112,1.964971020425266,0.7777777777777778,0.44095855184409843,0.3333333333333333,0.5
60399236302d0732bdb88541,human,2.6666666666666665,0.5,1.0,0.0,0.6666666666666666,0.5
60399236302d0732bdb88541,robot,0.2222222222222222,1.922093765778466,0.5555555555555556,0.5270462766947299,0.4444444444444444,0.5270462766947299
60399236302d0732bdb88541,rock,-2.2222222222222223,0.8333333333333334,0.0,0.0,0.2222222222222222,0.44095855184409843
60399236302d0732bdb88541,artificial_intelligence,0.7777777777777778,2.1666666666666665,0.6666666666666666,0.5,0.4444444444444444,0.5270462766947299
60399236302d0732bdb88541,god,1.0,2.179449471770337,0.6666666666666666,0.5,0.3333333333333333,0.5
60399236302d0732bdb88541,computer,-1.2222222222222223,2.223610677354389,0.3333333333333333,0.5,0.5555555555555556,0.5270462766947299
614d9ea7c87980229c834d21,chimpanzee,0.3333333333333333,2.179449471770337,0.6666666666666666,0.5,0.6666666666666666,0.5
614d9ea7c87980229c834d21,jelly_fish,-1.6666666666666667,0.7071067811865476,0.0,0.0,0.5555555555555556,0.5270462766947299
614d9ea7c87980229c834d21,autonomous_car,-0.2222222222222222,2.1081851067789197,0.4444444444444444,0.5270462766947299,0.4444444444444444,0.5270462766947299
614d9ea7c87980229c834d21,virus,0.0,1.5811388300841898,0.6666666666666666,0.5,0.1111111111111111,0.3333333333333333
614d9ea7c87980229c834d21,human,1.0,2.345207879911715,0.6666666666666666,0.5,0.7777777777777778,0.44095855184409843
614d9ea7c87980229c834d21,robot,-0.3333333333333333,2.179449471770337,0.4444444444444444,0.5270462766947299,0.3333333333333333,0.5
614d9ea7c87980229c834d21,rock,-1.2222222222222223,1.0929064207170003,0.1111111111111111,0.33333333333333337,0.4444444444444444,0.5270462766947299
614d9ea7c87980229c834d21,artificial_intelligence,-0.4444444444444444,2.2422706745122847,0.4444444444444444,0.5270462766947299,0.6666666666666666,0.5
614d9ea7c87980229c834d21,god,1.7777777777777777,1.6414763002993507,0.8888888888888888,0.33333333333333337,0.3333333333333333,0.5
614d9ea7c87980229c834d21,computer,0.7777777777777778,1.3944333775567928,0.6666666666666666,0.5,0.5555555555555556,0.5270462766947299
607de1d480f76e94ffb6e0ab,chimpanzee,1.8888888888888888,2.2607766610417563,0.7777777777777778,0.44095855184409843,1.0,0.0
607de1d480f76e94ffb6e0ab,jelly_fish,1.3333333333333333,2.5495097567963922,0.7777777777777778,0.44095855184409843,0.7777777777777778,0.44095855184409843
607de1d480f76e94ffb6e0ab,autonomous_car,-1.6666666666666667,1.7320508075688772,0.2222222222222222,0.44095855184409843,0.5555555555555556,0.5270462766947299
607de1d480f76e94ffb6e0ab,virus,-1.0,2.0,0.4444444444444444,0.5270462766947299,0.4444444444444444,0.5270462766947299
607de1d480f76e94ffb6e0ab,human,2.888888888888889,0.33333333333333337,1.0,0.0,1.0,0.0
607de1d480f76e94ffb6e0ab,robot,-1.6666666666666667,1.4142135623730951,0.1111111111111111,0.33333333333333337,0.4444444444444444,0.5270462766947299
607de1d480f76e94ffb6e0ab,rock,-2.0,1.0,0.0,0.0,0.4444444444444444,0.5270462766947299
607de1d480f76e94ffb6e0ab,artificial_intelligence,-0.3333333333333333,2.6457513110645907,0.5555555555555556,0.5270462766947299,0.7777777777777778,0.44095855184409843
607de1d480f76e94ffb6e0ab,god,1.7777777777777777,1.9860625479688307,0.7777777777777778,0.44095855184409843,0.7777777777777778,0.44095855184409843
607de1d480f76e94ffb6e0ab,computer,-1.2222222222222223,1.855921454276674,0.3333333333333333,0.5,0.4444444444444444,0.5270462766947299
5d20e2135278fa00014814c0,chimpanzee,0.8888888888888888,2.147349787787521,0.7777777777777778,0.44095855184409843,0.5555555555555556,0.5270462766947299
5d20e2135278fa00014814c0,jelly_fish,-2.4444444444444446,0.7264831572567788,0.0,0.0,0.1111111111111111,0.33333333333333337
5d20e2135278fa00014814c0,autonomous_car,-0.6666666666666666,1.9364916731037085,0.3333333333333333,0.5,0.5555555555555556,0.5270462766947299
5d20e2135278fa00014814c0,virus,-0.1111111111111111,2.260776661041756,0.4444444444444444,0.5270462766947299,0.3333333333333333,0.5
5d20e2135278fa00014814c0,human,2.2222222222222223,1.9860625479688307,0.8888888888888888,0.33333333333333337,0.8888888888888888,0.33333333333333337
5d20e2135278fa00014814c0,robot,-0.7777777777777778,2.279132388529557,0.3333333333333333,0.5,0.5555555555555556,0.5270462766947299
5d20e2135278fa00014814c0,rock,-2.4444444444444446,1.3333333333333335,0.1111111111111111,0.33333333333333337,0.5555555555555556,0.5270462766947299
5d20e2135278fa00014814c0,artificial_intelligence,0.6666666666666666,2.3979157616563596,0.6666666666666666,0.5,0.8888888888888888,0.33333333333333337
5d20e2135278fa00014814c0,god,3.0,0.0,1.0,0.0,0.2222222222222222,0.44095855184409843
5d20e2135278fa00014814c0,computer,-0.3333333333333333,2.179449471770337,0.4444444444444444,0.5270462766947299,0.6666666666666666,0.5
60fb0cd3aa10c5ef5100190b,chimpanzee,1.1111111111111112,1.3642254619787415,0.7777777777777778,0.44095855184409843,0.5555555555555556,0.5270462766947299
60fb0cd3aa10c5ef5100190b,jelly_fish,-1.1111111111111112,1.3642254619787417,0.2222222222222222,0.44095855184409843,0.5555555555555556,0.5270462766947299
60fb0cd3aa10c5ef5100190b,autonomous_car,0.0,2.0,0.5555555555555556,0.5270462766947299,0.6666666666666666,0.5
60fb0cd3aa10c5ef5100190b,virus,1.0,1.5811388300841898,0.6666666666666666,0.5,0.6666666666666666,0.5
60fb0cd3aa10c5ef5100190b,human,1.6666666666666667,1.5811388300841898,0.8888888888888888,0.33333333333333337,1.0,0.0
60fb0cd3aa10c5ef5100190b,robot,-0.7777777777777778,1.6414763002993509,0.3333333333333333,0.5,0.4444444444444444,0.5270462766947299
60fb0cd3aa10c5ef5100190b,rock,-2.3333333333333335,0.7071067811865476,0.0,0.0,0.4444444444444444,0.5270462766947299
60fb0cd3aa10c5ef5100190b,artificial_intelligence,0.3333333333333333,2.0,0.5555555555555556,0.5270462766947299,0.8888888888888888,0.33333333333333337
60fb0cd3aa10c5ef5100190b,god,-0.1111111111111111,1.6914819275153699,0.4444444444444444,0.5270462766947299,0.3333333333333333,0.5
60fb0cd3aa10c5ef5100190b,computer,0.2222222222222222,1.7159383568311668,0.5555555555555556,0.5270462766947299,0.4444444444444444,0.5270462766947299
611e3c4f4eae320e94284ea7,chimpanzee,0.1111111111111111,3.018461712712472,0.5555555555555556,0.5270462766947299,1.0,0.0
611e3c4f4eae320e94284ea7,jelly_fish,-1.4444444444444444,2.5549516194593154,0.2222222222222222,0.44095855184409843,1.0,0.0
611e3c4f4eae320e94284ea7,autonomous_car,0.3333333333333333,3.1622776601683795,0.5555555555555556,0.5270462766947299,1.0,0.0
611e3c4f4eae320e94284ea7,virus,0.8888888888888888,2.934469476943168,0.6666666666666666,0.5,1.0,0.0
611e3c4f4eae320e94284ea7,human,1.2222222222222223,2.7284509239574835,0.6666666666666666,0.5,1.0,0.0
611e3c4f4eae320e94284ea7,robot,0.2222222222222222,3.073181485764296,0.5555555555555556,0.5270462766947299,1.0,0.0
611e3c4f4eae320e94284ea7,rock,-2.2222222222222223,1.9860625479688307,0.1111111111111111,0.3333333333333333,1.0,0.0
611e3c4f4eae320e94284ea7,artificial_intelligence,1.0,3.0,0.6666666666666666,0.5,1.0,0.0
611e3c4f4eae320e94284ea7,god,-1.6666666666666667,2.6457513110645907,0.2222222222222222,0.44095855184409843,1.0,0.0
611e3c4f4eae320e94284ea7,computer,1.5555555555555556,2.6034165586355513,0.7777777777777778,0.44095855184409843,1.0,0.0
