part_id,word,robot,rock,artificial_intelligence,chimpanzee,jelly_fish,virus,human,god,autonomous_car,computer
6265199.0,robot,,0.0,1.0,1.0,1.0,1.0,1.0,0.0,1.0,0.0
6265199.0,rock,1.0,,1.0,1.0,1.0,1.0,1.0,1.0,1.0,1.0
6265199.0,artificial_intelligence,0.0,0.0,,1.0,1.0,0.0,1.0,0.0,0.0,0.0
6265199.0,chimpanzee,0.0,0.0,0.0,,0.0,0.0,1.0,0.0,0.0,0.0
6265199.0,jelly_fish,0.0,0.0,0.0,1.0,,1.0,1.0,0.0,0.0,0.0
6265199.0,virus,0.0,0.0,1.0,1.0,0.0,,1.0,0.0,0.0,0.0
6265199.0,human,0.0,0.0,0.0,0.0,0.0,0.0,,0.0,0.0,0.0
6265199.0,god,1.0,0.0,1.0,1.0,1.0,1.0,1.0,,1.0,1.0
6265199.0,autonomous_car,0.0,0.0,1.0,1.0,1.0,1.0,1.0,0.0,,0.0
6265199.0,computer,1.0,0.0,1.0,1.0,1.0,1.0,1.0,0.0,1.0,
6265200.0,robot,,0.0,1.0,1.0,0.0,0.0,1.0,1.0,0.0,1.0
6265200.0,rock,1.0,,1.0,1.0,1.0,1.0,1.0,1.0,1.0,1.0
6265200.0,artificial_intelligence,0.0,0.0,,0.0,0.0,0.0,1.0,1.0,0.0,0.0
6265200.0,chimpanzee,0.0,0.0,1.0,,0.0,0.0,1.0,1.0,0.0,1.0
6265200.0,jelly_fish,1.0,0.0,1.0,1.0,,1.0,1.0,1.0,1.0,1.0
6265200.0,virus,1.0,0.0,1.0,1.0,0.0,,1.0,1.0,1.0,1.0
6265200.0,human,0.0,0.0,0.0,0.0,0.0,0.0,,1.0,0.0,0.0
6265200.0,god,0.0,0.0,0.0,0.0,0.0,0.0,0.0,,0.0,0.0
6265200.0,autonomous_car,1.0,0.0,1.0,1.0,0.0,0.0,1.0,1.0,,0.0
6265200.0,computer,0.0,0.0,1.0,0.0,0.0,0.0,1.0,1.0,1.0,
6265201.0,robot,,0.0,1.0,1.0,0.0,1.0,1.0,0.0,1.0,1.0
6265201.0,rock,1.0,,1.0,1.0,1.0,1.0,1.0,0.0,1.0,1.0
6265201.0,artificial_intelligence,0.0,0.0,,1.0,0.0,0.0,1.0,0.0,0.0,0.0
6265201.0,chimpanzee,0.0,0.0,0.0,,0.0,0.0,1.0,0.0,0.0,0.0
6265201.0,jelly_fish,1.0,0.0,1.0,1.0,,1.0,1.0,0.0,1.0,1.0
6265201.0,virus,0.0,0.0,1.0,1.0,0.0,,1.0,0.0,0.0,1.0
6265201.0,human,0.0,0.0,0.0,0.0,0.0,0.0,,0.0,0.0,0.0
6265201.0,god,1.0,1.0,1.0,1.0,1.0,1.0,1.0,,1.0,1.0
6265201.0,autonomous_car,0.0,0.0,1.0,1.0,0.0,1.0,1.0,0.0,,1.0
6265201.0,computer,0.0,0.0,1.0,1.0,0.0,0.0,1.0,0.0,0.0,
6265213.0,robot,,1.0,0.0,1.0,1.0,1.0,1.0,1.0,0.0,0.0
6265213.0,rock,0.0,,0.0,1.0,1.0,1.0,1.0,1.0,0.0,0.0
6265213.0,artificial_intelligence,1.0,1.0,,1.0,1.0,1.0,1.0,1.0,0.0,0.0
6265213.0,chimpanzee,0.0,0.0,0.0,,0.0,0.0,1.0,1.0,0.0,0.0
6265213.0,jelly_fish,0.0,0.0,0.0,1.0,,0.0,1.0,1.0,0.0,0.0
6265213.0,virus,0.0,0.0,0.0,1.0,1.0,,1.0,1.0,0.0,0.0
6265213.0,human,0.0,0.0,0.0,0.0,0.0,0.0,,1.0,0.0,0.0
6265213.0,god,0.0,0.0,0.0,0.0,0.0,0.0,0.0,,0.0,0.0
6265213.0,autonomous_car,1.0,1.0,1.0,1.0,1.0,1.0,1.0,1.0,,0.0
6265213.0,computer,1.0,1.0,1.0,1.0,1.0,1.0,1.0,1.0,1.0,
6265212.0,robot,,0.0,0.0,0.0,0.0,1.0,1.0,1.0,0.0,0.0
6265212.0,rock,1.0,,1.0,1.0,1.0,1.0,1.0,1.0,1.0,1.0
6265212.0,artificial_intelligence,1.0,0.0,,1.0,0.0,1.0,1.0,1.0,0.0,0.0
6265212.0,chimpanzee,1.0,0.0,0.0,,0.0,1.0,1.0,0.0,0.0,0.0
6265212.0,jelly_fish,1.0,0.0,1.0,1.0,,1.0,1.0,1.0,0.0,0.0
6265212.0,virus,0.0,0.0,0.0,0.0,0.0,,1.0,1.0,0.0,0.0
6265212.0,human,0.0,0.0,0.0,0.0,0.0,0.0,,0.0,0.0,0.0
6265212.0,god,0.0,0.0,0.0,1.0,0.0,0.0,1.0,,0.0,0.0
6265212.0,autonomous_car,1.0,0.0,1.0,1.0,1.0,1.0,1.0,1.0,,1.0
6265212.0,computer,1.0,0.0,1.0,1.0,1.0,1.0,1.0,1.0,0.0,
6265215.0,robot,,0.0,0.0,0.0,0.0,0.0,0.0,0.0,0.0,0.0
6265215.0,rock,1.0,,1.0,1.0,1.0,1.0,1.0,1.0,1.0,1.0
6265215.0,artificial_intelligence,1.0,0.0,,0.0,0.0,0.0,0.0,0.0,0.0,0.0
6265215.0,chimpanzee,1.0,0.0,1.0,,0.0,1.0,1.0,1.0,1.0,1.0
6265215.0,jelly_fish,1.0,0.0,1.0,1.0,,1.0,1.0,1.0,1.0,1.0
6265215.0,virus,1.0,0.0,1.0,0.0,0.0,,0.0,0.0,1.0,0.0
6265215.0,human,1.0,0.0,1.0,0.0,0.0,1.0,,0.0,1.0,1.0
6265215.0,god,1.0,0.0,1.0,0.0,0.0,1.0,1.0,,1.0,1.0
6265215.0,autonomous_car,1.0,0.0,1.0,0.0,0.0,0.0,0.0,0.0,,1.0
6265215.0,computer,1.0,0.0,1.0,0.0,0.0,1.0,0.0,0.0,0.0,
6265209.0,robot,,0.0,1.0,0.0,0.0,0.0,1.0,0.0,0.0,0.0
6265209.0,rock,1.0,,1.0,1.0,0.0,1.0,1.0,0.0,1.0,1.0
6265209.0,artificial_intelligence,0.0,0.0,,0.0,0.0,1.0,0.0,0.0,0.0,0.0
6265209.0,chimpanzee,1.0,0.0,1.0,,0.0,1.0,1.0,1.0,1.0,1.0
6265209.0,jelly_fish,1.0,1.0,1.0,1.0,,1.0,1.0,1.0,1.0,1.0
6265209.0,virus,1.0,0.0,0.0,0.0,0.0,,0.0,0.0,0.0,1.0
6265209.0,human,0.0,0.0,1.0,0.0,0.0,1.0,,0.0,1.0,1.0
6265209.0,god,1.0,1.0,1.0,0.0,0.0,1.0,1.0,,1.0,1.0
6265209.0,autonomous_car,1.0,0.0,1.0,0.0,0.0,1.0,0.0,0.0,,1.0
6265209.0,computer,1.0,0.0,1.0,0.0,0.0,0.0,0.0,0.0,0.0,
6265198.0,robot,,0.0,1.0,0.0,0.0,0.0,1.0,0.0,0.0,1.0
6265198.0,rock,1.0,,1.0,1.0,1.0,1.0,1.0,1.0,1.0,1.0
6265198.0,artificial_intelligence,0.0,0.0,,0.0,0.0,1.0,1.0,0.0,0.0,1.0
6265198.0,chimpanzee,1.0,0.0,1.0,,0.0,0.0,1.0,0.0,1.0,1.0
6265198.0,jelly_fish,1.0,0.0,1.0,1.0,,1.0,1.0,0.0,1.0,1.0
6265198.0,virus,1.0,0.0,0.0,1.0,0.0,,1.0,0.0,0.0,0.0
6265198.0,human,0.0,0.0,0.0,0.0,0.0,0.0,,0.0,0.0,1.0
6265198.0,god,1.0,0.0,1.0,1.0,1.0,1.0,1.0,,1.0,1.0
6265198.0,autonomous_car,1.0,0.0,1.0,0.0,0.0,1.0,1.0,0.0,,1.0
6265198.0,computer,0.0,0.0,0.0,0.0,0.0,1.0,0.0,0.0,0.0,
6265218.0,robot,,0.0,1.0,0.0,0.0,1.0,1.0,1.0,0.0,1.0
6265218.0,rock,1.0,,1.0,0.0,1.0,1.0,1.0,1.0,0.0,1.0
6265218.0,artificial_intelligence,0.0,0.0,,0.0,0.0,1.0,1.0,1.0,0.0,1.0
6265218.0,chimpanzee,1.0,1.0,1.0,,0.0,1.0,1.0,1.0,0.0,1.0
6265218.0,jelly_fish,1.0,0.0,1.0,1.0,,1.0,1.0,0.0,0.0,1.0
6265218.0,virus,0.0,0.0,0.0,0.0,0.0,,0.0,0.0,0.0,0.0
6265218.0,human,0.0,0.0,0.0,0.0,0.0,1.0,,0.0,0.0,1.0
6265218.0,god,0.0,0.0,0.0,0.0,1.0,1.0,1.0,,0.0,0.0
6265218.0,autonomous_car,1.0,1.0,1.0,1.0,1.0,1.0,1.0,1.0,,1.0
6265218.0,computer,0.0,0.0,0.0,0.0,0.0,1.0,0.0,1.0,0.0,
6265220.0,robot,,0.0,1.0,0.0,0.0,0.0,1.0,0.0,0.0,1.0
6265220.0,rock,1.0,,1.0,1.0,1.0,1.0,1.0,0.0,1.0,1.0
6265220.0,artificial_intelligence,0.0,0.0,,0.0,0.0,0.0,0.0,0.0,0.0,0.0
6265220.0,chimpanzee,1.0,0.0,1.0,,0.0,1.0,1.0,0.0,1.0,1.0
6265220.0,jelly_fish,1.0,0.0,1.0,1.0,,1.0,1.0,0.0,1.0,1.0
6265220.0,virus,1.0,0.0,1.0,0.0,0.0,,1.0,0.0,0.0,1.0
6265220.0,human,0.0,0.0,1.0,0.0,0.0,0.0,,0.0,0.0,0.0
6265220.0,god,1.0,1.0,1.0,1.0,1.0,1.0,1.0,,1.0,1.0
6265220.0,autonomous_car,1.0,0.0,1.0,0.0,0.0,1.0,1.0,0.0,,1.0
6265220.0,computer,0.0,0.0,1.0,0.0,0.0,0.0,1.0,0.0,0.0,
6265225.0,robot,,0.0,0.0,1.0,0.0,0.0,1.0,0.0,0.0,0.0
6265225.0,rock,1.0,,1.0,1.0,1.0,1.0,1.0,1.0,1.0,1.0
6265225.0,artificial_intelligence,1.0,0.0,,1.0,0.0,0.0,1.0,0.0,0.0,0.0
6265225.0,chimpanzee,0.0,0.0,0.0,,0.0,0.0,1.0,0.0,0.0,0.0
6265225.0,jelly_fish,1.0,0.0,1.0,1.0,,0.0,1.0,0.0,1.0,1.0
6265225.0,virus,1.0,0.0,1.0,1.0,1.0,,1.0,0.0,1.0,1.0
6265225.0,human,0.0,0.0,0.0,0.0,0.0,0.0,,0.0,0.0,0.0
6265225.0,god,1.0,0.0,1.0,1.0,1.0,1.0,1.0,,1.0,1.0
6265225.0,autonomous_car,1.0,0.0,1.0,1.0,0.0,0.0,1.0,0.0,,1.0
6265225.0,computer,1.0,0.0,1.0,1.0,0.0,0.0,1.0,0.0,0.0,
6265222.0,robot,,0.0,0.0,0.0,0.0,1.0,0.0,1.0,0.0,0.0
6265222.0,rock,1.0,,1.0,1.0,1.0,1.0,1.0,1.0,1.0,1.0
6265222.0,artificial_intelligence,1.0,0.0,,0.0,0.0,1.0,0.0,1.0,0.0,1.0
6265222.0,chimpanzee,1.0,0.0,1.0,,0.0,1.0,0.0,1.0,0.0,1.0
6265222.0,jelly_fish,1.0,0.0,1.0,1.0,,1.0,1.0,1.0,1.0,1.0
6265222.0,virus,0.0,0.0,0.0,0.0,0.0,,0.0,0.0,0.0,0.0
6265222.0,human,1.0,0.0,1.0,1.0,0.0,1.0,,1.0,1.0,1.0
6265222.0,god,0.0,0.0,0.0,0.0,0.0,1.0,0.0,,0.0,0.0
6265222.0,autonomous_car,1.0,0.0,1.0,1.0,0.0,1.0,0.0,1.0,,0.0
6265222.0,computer,1.0,0.0,0.0,0.0,0.0,1.0,0.0,1.0,1.0,
6265227.0,robot,,0.0,1.0,0.0,0.0,0.0,0.0,0.0,0.0,0.0
6265227.0,rock,1.0,,1.0,1.0,1.0,1.0,1.0,1.0,1.0,1.0
6265227.0,artificial_intelligence,0.0,0.0,,0.0,0.0,0.0,0.0,0.0,0.0,0.0
6265227.0,chimpanzee,1.0,0.0,1.0,,0.0,1.0,1.0,1.0,1.0,1.0
6265227.0,jelly_fish,1.0,0.0,1.0,1.0,,1.0,1.0,1.0,1.0,1.0
6265227.0,virus,1.0,0.0,1.0,0.0,0.0,,0.0,0.0,0.0,1.0
6265227.0,human,1.0,0.0,1.0,0.0,0.0,1.0,,1.0,0.0,1.0
6265227.0,god,1.0,0.0,1.0,0.0,0.0,1.0,0.0,,0.0,1.0
6265227.0,autonomous_car,1.0,0.0,1.0,0.0,0.0,1.0,1.0,1.0,,1.0
6265227.0,computer,1.0,0.0,1.0,0.0,0.0,0.0,0.0,0.0,0.0,
6265208.0,robot,,0.0,1.0,1.0,1.0,0.0,1.0,1.0,0.0,0.0
6265208.0,rock,1.0,,1.0,1.0,1.0,1.0,1.0,1.0,1.0,1.0
6265208.0,artificial_intelligence,0.0,0.0,,1.0,0.0,0.0,1.0,0.0,0.0,0.0
6265208.0,chimpanzee,0.0,0.0,0.0,,0.0,0.0,1.0,1.0,0.0,0.0
6265208.0,jelly_fish,0.0,0.0,1.0,1.0,,0.0,1.0,0.0,0.0,0.0
6265208.0,virus,1.0,0.0,1.0,1.0,1.0,,1.0,1.0,1.0,1.0
6265208.0,human,0.0,0.0,0.0,0.0,0.0,0.0,,0.0,0.0,0.0
6265208.0,god,0.0,0.0,1.0,0.0,1.0,0.0,1.0,,0.0,0.0
6265208.0,autonomous_car,1.0,0.0,1.0,1.0,1.0,0.0,1.0,1.0,,0.0
6265208.0,computer,1.0,0.0,1.0,1.0,1.0,0.0,1.0,1.0,1.0,
6265233.0,robot,,0.0,1.0,1.0,0.0,0.0,1.0,0.0,1.0,1.0
6265233.0,rock,1.0,,0.0,1.0,1.0,1.0,1.0,1.0,1.0,1.0
6265233.0,artificial_intelligence,0.0,1.0,,1.0,0.0,1.0,1.0,1.0,0.0,1.0
6265233.0,chimpanzee,0.0,0.0,0.0,,0.0,1.0,0.0,0.0,0.0,1.0
6265233.0,jelly_fish,1.0,0.0,1.0,1.0,,1.0,1.0,1.0,1.0,0.0
6265233.0,virus,1.0,0.0,0.0,0.0,0.0,,1.0,1.0,1.0,1.0
6265233.0,human,0.0,0.0,0.0,1.0,0.0,0.0,,0.0,0.0,0.0
6265233.0,god,1.0,0.0,0.0,1.0,0.0,0.0,1.0,,0.0,0.0
6265233.0,autonomous_car,0.0,0.0,1.0,1.0,0.0,0.0,1.0,1.0,,1.0
6265233.0,computer,0.0,0.0,0.0,0.0,1.0,0.0,1.0,1.0,0.0,
6265239.0,robot,,0.0,1.0,0.0,0.0,0.0,1.0,1.0,0.0,1.0
6265239.0,rock,1.0,,1.0,1.0,1.0,1.0,1.0,1.0,1.0,1.0
6265239.0,artificial_intelligence,0.0,0.0,,0.0,0.0,0.0,1.0,1.0,0.0,0.0
6265239.0,chimpanzee,1.0,0.0,1.0,,0.0,0.0,1.0,1.0,0.0,1.0
6265239.0,jelly_fish,1.0,0.0,1.0,1.0,,1.0,1.0,1.0,0.0,1.0
6265239.0,virus,1.0,0.0,1.0,1.0,0.0,,1.0,1.0,1.0,1.0
6265239.0,human,0.0,0.0,0.0,0.0,0.0,0.0,,1.0,0.0,0.0
6265239.0,god,0.0,0.0,0.0,0.0,0.0,0.0,0.0,,0.0,0.0
6265239.0,autonomous_car,1.0,0.0,1.0,1.0,1.0,0.0,1.0,1.0,,1.0
6265239.0,computer,0.0,0.0,1.0,0.0,0.0,0.0,1.0,1.0,0.0,
6265238.0,robot,,0.0,1.0,1.0,0.0,0.0,1.0,0.0,0.0,0.0
6265238.0,rock,1.0,,1.0,1.0,1.0,1.0,1.0,0.0,1.0,1.0
6265238.0,artificial_intelligence,0.0,0.0,,0.0,0.0,0.0,1.0,0.0,0.0,0.0
6265238.0,chimpanzee,0.0,0.0,1.0,,0.0,0.0,1.0,0.0,0.0,0.0
6265238.0,jelly_fish,1.0,0.0,1.0,1.0,,0.0,1.0,0.0,0.0,1.0
6265238.0,virus,1.0,0.0,1.0,1.0,1.0,,1.0,0.0,0.0,1.0
6265238.0,human,0.0,0.0,0.0,0.0,0.0,0.0,,0.0,0.0,0.0
6265238.0,god,1.0,1.0,1.0,1.0,1.0,1.0,1.0,,1.0,1.0
6265238.0,autonomous_car,1.0,0.0,1.0,1.0,1.0,1.0,1.0,0.0,,1.0
6265238.0,computer,1.0,0.0,1.0,1.0,0.0,0.0,1.0,0.0,0.0,
6265236.0,robot,,0.0,1.0,1.0,0.0,1.0,1.0,1.0,1.0,1.0
6265236.0,rock,1.0,,1.0,1.0,1.0,1.0,1.0,1.0,1.0,1.0
6265236.0,artificial_intelligence,0.0,0.0,,1.0,0.0,0.0,1.0,1.0,0.0,1.0
6265236.0,chimpanzee,0.0,0.0,0.0,,0.0,0.0,1.0,0.0,0.0,0.0
6265236.0,jelly_fish,1.0,0.0,1.0,1.0,,1.0,1.0,1.0,1.0,1.0
6265236.0,virus,0.0,0.0,1.0,1.0,0.0,,1.0,1.0,0.0,1.0
6265236.0,human,0.0,0.0,0.0,0.0,0.0,0.0,,0.0,0.0,0.0
6265236.0,god,0.0,0.0,0.0,1.0,0.0,0.0,1.0,,0.0,0.0
6265236.0,autonomous_car,0.0,0.0,1.0,1.0,0.0,1.0,1.0,1.0,,1.0
6265236.0,computer,0.0,0.0,0.0,1.0,0.0,0.0,1.0,1.0,0.0,
6265241.0,robot,,0.0,1.0,0.0,0.0,0.0,1.0,1.0,0.0,1.0
6265241.0,rock,1.0,,1.0,1.0,1.0,1.0,1.0,1.0,1.0,1.0
6265241.0,artificial_intelligence,0.0,0.0,,0.0,0.0,0.0,0.0,1.0,0.0,0.0
6265241.0,chimpanzee,1.0,0.0,1.0,,0.0,1.0,1.0,1.0,1.0,1.0
6265241.0,jelly_fish,1.0,0.0,1.0,1.0,,1.0,1.0,1.0,1.0,1.0
6265241.0,virus,1.0,0.0,1.0,0.0,0.0,,1.0,1.0,0.0,1.0
6265241.0,human,0.0,0.0,1.0,0.0,0.0,0.0,,1.0,0.0,0.0
6265241.0,god,0.0,0.0,0.0,0.0,0.0,0.0,0.0,,0.0,0.0
6265241.0,autonomous_car,1.0,0.0,1.0,0.0,0.0,1.0,1.0,1.0,,1.0
6265241.0,computer,0.0,0.0,1.0,0.0,0.0,0.0,1.0,1.0,0.0,
6265251.0,robot,,0.0,1.0,1.0,1.0,1.0,1.0,0.0,0.0,1.0
6265251.0,rock,1.0,,1.0,1.0,1.0,1.0,1.0,0.0,1.0,0.0
6265251.0,artificial_intelligence,0.0,0.0,,1.0,1.0,1.0,1.0,0.0,0.0,0.0
6265251.0,chimpanzee,0.0,0.0,0.0,,0.0,0.0,1.0,0.0,0.0,0.0
6265251.0,jelly_fish,0.0,0.0,0.0,1.0,,0.0,1.0,0.0,0.0,0.0
6265251.0,virus,0.0,0.0,0.0,1.0,1.0,,1.0,0.0,0.0,0.0
6265251.0,human,0.0,0.0,0.0,0.0,0.0,0.0,,0.0,0.0,0.0
6265251.0,god,1.0,1.0,1.0,1.0,1.0,1.0,1.0,,1.0,1.0
6265251.0,autonomous_car,1.0,0.0,1.0,1.0,1.0,1.0,1.0,0.0,,1.0
6265251.0,computer,0.0,1.0,1.0,1.0,1.0,1.0,1.0,0.0,0.0,
6265253.0,robot,,0.0,0.0,1.0,0.0,0.0,1.0,1.0,0.0,1.0
6265253.0,rock,1.0,,1.0,1.0,0.0,1.0,1.0,1.0,1.0,1.0
6265253.0,artificial_intelligence,1.0,0.0,,0.0,0.0,0.0,1.0,0.0,0.0,0.0
6265253.0,chimpanzee,0.0,0.0,1.0,,0.0,0.0,1.0,1.0,0.0,0.0
6265253.0,jelly_fish,1.0,1.0,1.0,1.0,,1.0,1.0,1.0,1.0,1.0
6265253.0,virus,1.0,0.0,1.0,1.0,0.0,,1.0,1.0,1.0,1.0
6265253.0,human,0.0,0.0,0.0,0.0,0.0,0.0,,1.0,0.0,0.0
6265253.0,god,0.0,0.0,1.0,0.0,0.0,0.0,0.0,,0.0,0.0
6265253.0,autonomous_car,1.0,0.0,1.0,1.0,0.0,0.0,1.0,1.0,,1.0
6265253.0,computer,0.0,0.0,1.0,1.0,0.0,0.0,1.0,1.0,0.0,
6265244.0,robot,,0.0,0.0,1.0,0.0,0.0,1.0,0.0,0.0,1.0
6265244.0,rock,1.0,,1.0,1.0,1.0,1.0,1.0,1.0,1.0,1.0
6265244.0,artificial_intelligence,1.0,0.0,,1.0,0.0,0.0,1.0,0.0,0.0,1.0
6265244.0,chimpanzee,0.0,0.0,0.0,,0.0,0.0,1.0,0.0,0.0,1.0
6265244.0,jelly_fish,1.0,0.0,1.0,1.0,,1.0,1.0,1.0,1.0,1.0
6265244.0,virus,1.0,0.0,1.0,1.0,0.0,,1.0,1.0,1.0,1.0
6265244.0,human,0.0,0.0,0.0,0.0,0.0,0.0,,0.0,0.0,0.0
6265244.0,god,1.0,0.0,1.0,1.0,0.0,0.0,1.0,,1.0,1.0
6265244.0,autonomous_car,1.0,0.0,1.0,1.0,0.0,0.0,1.0,0.0,,1.0
6265244.0,computer,0.0,0.0,0.0,0.0,0.0,0.0,1.0,0.0,0.0,
6265257.0,robot,,0.0,1.0,0.0,0.0,1.0,1.0,0.0,0.0,1.0
6265257.0,rock,1.0,,1.0,1.0,1.0,1.0,1.0,0.0,1.0,1.0
6265257.0,artificial_intelligence,0.0,0.0,,0.0,0.0,0.0,1.0,0.0,0.0,0.0
6265257.0,chimpanzee,1.0,0.0,1.0,,0.0,1.0,1.0,0.0,1.0,1.0
6265257.0,jelly_fish,1.0,0.0,1.0,1.0,,1.0,1.0,0.0,1.0,1.0
6265257.0,virus,0.0,0.0,1.0,0.0,0.0,,1.0,0.0,0.0,1.0
6265257.0,human,0.0,0.0,0.0,0.0,0.0,0.0,,0.0,0.0,0.0
6265257.0,god,1.0,1.0,1.0,1.0,1.0,1.0,1.0,,1.0,1.0
6265257.0,autonomous_car,1.0,0.0,1.0,0.0,0.0,1.0,1.0,0.0,,1.0
6265257.0,computer,0.0,0.0,1.0,0.0,0.0,0.0,1.0,0.0,0.0,
6265256.0,robot,,0.0,0.0,1.0,1.0,1.0,1.0,0.0,0.0,0.0
6265256.0,rock,1.0,,1.0,1.0,1.0,1.0,1.0,1.0,1.0,1.0
6265256.0,artificial_intelligence,1.0,0.0,,1.0,0.0,1.0,1.0,0.0,0.0,0.0
6265256.0,chimpanzee,0.0,0.0,0.0,,0.0,0.0,1.0,0.0,0.0,0.0
6265256.0,jelly_fish,0.0,0.0,1.0,1.0,,1.0,1.0,0.0,0.0,0.0
6265256.0,virus,0.0,0.0,0.0,1.0,0.0,,1.0,0.0,0.0,0.0
6265256.0,human,0.0,0.0,0.0,0.0,0.0,0.0,,0.0,0.0,0.0
6265256.0,god,1.0,0.0,1.0,1.0,1.0,1.0,1.0,,1.0,1.0
6265256.0,autonomous_car,1.0,0.0,1.0,1.0,1.0,1.0,1.0,0.0,,1.0
6265256.0,computer,1.0,0.0,1.0,1.0,1.0,1.0,1.0,0.0,0.0,
6265250.0,robot,,0.0,0.0,0.0,0.0,0.0,1.0,1.0,0.0,1.0
6265250.0,rock,1.0,,1.0,1.0,1.0,1.0,1.0,1.0,1.0,1.0
6265250.0,artificial_intelligence,1.0,0.0,,0.0,0.0,0.0,0.0,1.0,0.0,0.0
6265250.0,chimpanzee,1.0,0.0,1.0,,0.0,0.0,1.0,1.0,0.0,1.0
6265250.0,jelly_fish,1.0,0.0,1.0,1.0,,1.0,1.0,1.0,1.0,1.0
6265250.0,virus,1.0,0.0,1.0,1.0,0.0,,1.0,1.0,0.0,1.0
6265250.0,human,0.0,0.0,1.0,0.0,0.0,0.0,,0.0,0.0,0.0
6265250.0,god,0.0,0.0,0.0,0.0,0.0,0.0,1.0,,0.0,0.0
6265250.0,autonomous_car,1.0,0.0,1.0,1.0,0.0,1.0,1.0,1.0,,1.0
6265250.0,computer,0.0,0.0,1.0,0.0,0.0,0.0,1.0,1.0,0.0,
6265260.0,robot,,0.0,1.0,0.0,0.0,1.0,1.0,0.0,1.0,0.0
6265260.0,rock,1.0,,1.0,1.0,1.0,1.0,1.0,1.0,1.0,1.0
6265260.0,artificial_intelligence,0.0,0.0,,0.0,0.0,0.0,0.0,0.0,0.0,1.0
6265260.0,chimpanzee,1.0,0.0,1.0,,0.0,0.0,1.0,0.0,1.0,1.0
6265260.0,jelly_fish,1.0,0.0,1.0,1.0,,1.0,1.0,1.0,1.0,1.0
6265260.0,virus,0.0,0.0,1.0,1.0,0.0,,1.0,1.0,1.0,1.0
6265260.0,human,0.0,0.0,1.0,0.0,0.0,0.0,,0.0,0.0,0.0
6265260.0,god,1.0,0.0,1.0,1.0,0.0,0.0,1.0,,1.0,1.0
6265260.0,autonomous_car,0.0,0.0,1.0,0.0,0.0,0.0,1.0,0.0,,1.0
6265260.0,computer,1.0,0.0,0.0,0.0,0.0,0.0,1.0,0.0,0.0,
6265266.0,robot,,0.0,1.0,1.0,0.0,0.0,1.0,0.0,0.0,0.0
6265266.0,rock,1.0,,1.0,1.0,1.0,1.0,1.0,0.0,1.0,1.0
6265266.0,artificial_intelligence,0.0,0.0,,1.0,0.0,1.0,1.0,0.0,0.0,0.0
6265266.0,chimpanzee,0.0,0.0,0.0,,0.0,0.0,1.0,0.0,0.0,0.0
6265266.0,jelly_fish,1.0,0.0,1.0,1.0,,1.0,1.0,0.0,1.0,1.0
6265266.0,virus,1.0,0.0,0.0,1.0,0.0,,1.0,0.0,1.0,0.0
6265266.0,human,0.0,0.0,0.0,0.0,0.0,0.0,,0.0,0.0,0.0
6265266.0,god,1.0,1.0,1.0,1.0,1.0,1.0,1.0,,1.0,1.0
6265266.0,autonomous_car,1.0,0.0,1.0,1.0,0.0,0.0,1.0,0.0,,1.0
6265266.0,computer,1.0,0.0,1.0,1.0,0.0,1.0,1.0,0.0,0.0,
6265223.0,robot,,0.0,1.0,1.0,0.0,0.0,1.0,1.0,1.0,1.0
6265223.0,rock,1.0,,1.0,1.0,0.0,1.0,1.0,1.0,1.0,1.0
6265223.0,artificial_intelligence,0.0,0.0,,1.0,0.0,0.0,1.0,1.0,0.0,0.0
6265223.0,chimpanzee,0.0,0.0,0.0,,0.0,0.0,1.0,1.0,0.0,1.0
6265223.0,jelly_fish,1.0,1.0,1.0,1.0,,1.0,1.0,1.0,1.0,1.0
6265223.0,virus,1.0,0.0,1.0,1.0,0.0,,1.0,1.0,1.0,1.0
6265223.0,human,0.0,0.0,0.0,0.0,0.0,0.0,,1.0,0.0,0.0
6265223.0,god,0.0,0.0,0.0,0.0,0.0,0.0,0.0,,0.0,0.0
6265223.0,autonomous_car,0.0,0.0,1.0,1.0,0.0,0.0,1.0,1.0,,1.0
6265223.0,computer,0.0,0.0,1.0,0.0,0.0,0.0,1.0,1.0,0.0,
6265262.0,robot,,0.0,1.0,0.0,0.0,0.0,0.0,1.0,1.0,0.0
6265262.0,rock,1.0,,1.0,1.0,1.0,1.0,1.0,1.0,1.0,1.0
6265262.0,artificial_intelligence,0.0,0.0,,0.0,0.0,0.0,0.0,0.0,0.0,0.0
6265262.0,chimpanzee,1.0,0.0,1.0,,0.0,0.0,1.0,1.0,1.0,1.0
6265262.0,jelly_fish,1.0,0.0,1.0,1.0,,1.0,1.0,1.0,1.0,1.0
6265262.0,virus,1.0,0.0,1.0,1.0,0.0,,1.0,1.0,0.0,1.0
6265262.0,human,1.0,0.0,1.0,0.0,0.0,0.0,,1.0,0.0,1.0
6265262.0,god,0.0,0.0,1.0,0.0,0.0,0.0,0.0,,0.0,0.0
6265262.0,autonomous_car,0.0,0.0,1.0,0.0,0.0,1.0,1.0,1.0,,1.0
6265262.0,computer,1.0,0.0,1.0,0.0,0.0,0.0,0.0,1.0,0.0,
6265243.0,robot,,0.0,1.0,1.0,0.0,0.0,1.0,1.0,0.0,1.0
6265243.0,rock,1.0,,1.0,1.0,1.0,1.0,1.0,1.0,1.0,1.0
6265243.0,artificial_intelligence,0.0,0.0,,0.0,0.0,0.0,1.0,1.0,0.0,0.0
6265243.0,chimpanzee,0.0,0.0,1.0,,0.0,0.0,1.0,1.0,0.0,1.0
6265243.0,jelly_fish,1.0,0.0,1.0,1.0,,1.0,1.0,1.0,0.0,1.0
6265243.0,virus,1.0,0.0,1.0,1.0,0.0,,1.0,1.0,1.0,1.0
6265243.0,human,0.0,0.0,0.0,0.0,0.0,0.0,,1.0,0.0,0.0
6265243.0,god,0.0,0.0,0.0,0.0,0.0,0.0,0.0,,0.0,0.0
6265243.0,autonomous_car,1.0,0.0,1.0,1.0,1.0,0.0,1.0,1.0,,1.0
6265243.0,computer,0.0,0.0,1.0,0.0,0.0,0.0,1.0,1.0,0.0,
6265264.0,robot,,0.0,0.0,0.0,0.0,0.0,1.0,0.0,0.0,0.0
6265264.0,rock,1.0,,1.0,1.0,1.0,1.0,1.0,1.0,1.0,1.0
6265264.0,artificial_intelligence,1.0,0.0,,1.0,0.0,0.0,1.0,0.0,0.0,0.0
6265264.0,chimpanzee,1.0,0.0,0.0,,0.0,0.0,1.0,0.0,0.0,1.0
6265264.0,jelly_fish,1.0,0.0,1.0,1.0,,1.0,1.0,0.0,1.0,1.0
6265264.0,virus,1.0,0.0,1.0,1.0,0.0,,1.0,0.0,1.0,1.0
6265264.0,human,0.0,0.0,0.0,0.0,0.0,0.0,,0.0,0.0,0.0
6265264.0,god,1.0,0.0,1.0,1.0,1.0,1.0,1.0,,1.0,1.0
6265264.0,autonomous_car,1.0,0.0,1.0,1.0,0.0,0.0,1.0,0.0,,1.0
6265264.0,computer,1.0,0.0,1.0,0.0,0.0,0.0,1.0,0.0,0.0,
6265261.0,robot,,0.0,1.0,0.0,0.0,1.0,1.0,0.0,0.0,1.0
6265261.0,rock,1.0,,1.0,1.0,1.0,1.0,1.0,0.0,1.0,1.0
6265261.0,artificial_intelligence,0.0,0.0,,0.0,0.0,0.0,1.0,0.0,0.0,1.0
6265261.0,chimpanzee,1.0,0.0,1.0,,0.0,1.0,1.0,0.0,1.0,1.0
6265261.0,jelly_fish,1.0,0.0,1.0,1.0,,1.0,1.0,0.0,1.0,1.0
6265261.0,virus,0.0,0.0,1.0,0.0,0.0,,1.0,0.0,0.0,0.0
6265261.0,human,0.0,0.0,0.0,0.0,0.0,0.0,,0.0,0.0,0.0
6265261.0,god,1.0,1.0,1.0,1.0,1.0,1.0,1.0,,1.0,1.0
6265261.0,autonomous_car,1.0,0.0,1.0,0.0,0.0,1.0,1.0,0.0,,1.0
6265261.0,computer,0.0,0.0,0.0,0.0,0.0,1.0,1.0,0.0,0.0,
6265247.0,robot,,0.0,1.0,1.0,1.0,1.0,1.0,1.0,0.0,1.0
6265247.0,rock,1.0,,1.0,1.0,1.0,1.0,1.0,1.0,1.0,1.0
6265247.0,artificial_intelligence,0.0,0.0,,0.0,0.0,0.0,1.0,1.0,0.0,0.0
6265247.0,chimpanzee,0.0,0.0,1.0,,0.0,1.0,1.0,1.0,0.0,0.0
6265247.0,jelly_fish,0.0,0.0,1.0,1.0,,1.0,1.0,1.0,0.0,1.0
6265247.0,virus,0.0,0.0,1.0,0.0,0.0,,1.0,1.0,0.0,0.0
6265247.0,human,0.0,0.0,0.0,0.0,0.0,0.0,,1.0,0.0,0.0
6265247.0,god,0.0,0.0,0.0,0.0,0.0,0.0,0.0,,0.0,0.0
6265247.0,autonomous_car,1.0,0.0,1.0,1.0,1.0,1.0,1.0,1.0,,1.0
6265247.0,computer,0.0,0.0,1.0,1.0,0.0,1.0,1.0,1.0,0.0,
6265270.0,robot,,0.0,1.0,0.0,0.0,0.0,1.0,1.0,0.0,1.0
6265270.0,rock,1.0,,1.0,1.0,1.0,1.0,1.0,1.0,1.0,1.0
6265270.0,artificial_intelligence,0.0,0.0,,0.0,0.0,0.0,1.0,1.0,0.0,0.0
6265270.0,chimpanzee,1.0,0.0,1.0,,0.0,1.0,1.0,1.0,1.0,1.0
6265270.0,jelly_fish,1.0,0.0,1.0,1.0,,0.0,1.0,1.0,1.0,1.0
6265270.0,virus,1.0,0.0,1.0,0.0,1.0,,1.0,1.0,1.0,1.0
6265270.0,human,0.0,0.0,0.0,0.0,0.0,0.0,,1.0,0.0,0.0
6265270.0,god,0.0,0.0,0.0,0.0,0.0,0.0,0.0,,0.0,0.0
6265270.0,autonomous_car,1.0,0.0,1.0,0.0,0.0,0.0,1.0,1.0,,1.0
6265270.0,computer,0.0,0.0,1.0,0.0,0.0,0.0,1.0,1.0,0.0,
6265252.0,robot,,0.0,1.0,0.0,0.0,1.0,1.0,1.0,1.0,1.0
6265252.0,rock,1.0,,1.0,1.0,1.0,1.0,1.0,1.0,1.0,1.0
6265252.0,artificial_intelligence,0.0,0.0,,0.0,0.0,0.0,1.0,0.0,0.0,0.0
6265252.0,chimpanzee,1.0,0.0,1.0,,0.0,1.0,1.0,1.0,1.0,1.0
6265252.0,jelly_fish,1.0,0.0,1.0,1.0,,1.0,1.0,1.0,1.0,1.0
6265252.0,virus,0.0,0.0,1.0,0.0,0.0,,1.0,1.0,0.0,1.0
6265252.0,human,0.0,0.0,0.0,0.0,0.0,0.0,,0.0,0.0,0.0
6265252.0,god,0.0,0.0,1.0,0.0,0.0,0.0,1.0,,0.0,0.0
6265252.0,autonomous_car,0.0,0.0,1.0,0.0,0.0,1.0,1.0,1.0,,1.0
6265252.0,computer,0.0,0.0,1.0,0.0,0.0,0.0,1.0,1.0,0.0,
6265232.0,robot,,0.0,1.0,0.0,1.0,0.0,0.0,1.0,0.0,1.0
6265232.0,rock,1.0,,1.0,1.0,1.0,1.0,1.0,1.0,1.0,1.0
6265232.0,artificial_intelligence,0.0,0.0,,0.0,0.0,0.0,1.0,1.0,0.0,0.0
6265232.0,chimpanzee,1.0,0.0,1.0,,0.0,0.0,1.0,1.0,0.0,0.0
6265232.0,jelly_fish,0.0,0.0,1.0,1.0,,1.0,1.0,1.0,0.0,0.0
6265232.0,virus,1.0,0.0,1.0,1.0,0.0,,1.0,1.0,0.0,1.0
6265232.0,human,1.0,0.0,0.0,0.0,0.0,0.0,,1.0,1.0,1.0
6265232.0,god,0.0,0.0,0.0,0.0,0.0,0.0,0.0,,0.0,0.0
6265232.0,autonomous_car,1.0,0.0,1.0,1.0,1.0,1.0,0.0,1.0,,1.0
6265232.0,computer,0.0,0.0,1.0,1.0,1.0,0.0,0.0,1.0,0.0,
6265267.0,robot,,0.0,0.0,1.0,1.0,1.0,1.0,0.0,0.0,1.0
6265267.0,rock,1.0,,1.0,1.0,1.0,1.0,1.0,1.0,1.0,1.0
6265267.0,artificial_intelligence,1.0,0.0,,1.0,1.0,1.0,1.0,0.0,0.0,0.0
6265267.0,chimpanzee,0.0,0.0,0.0,,0.0,0.0,1.0,0.0,0.0,0.0
6265267.0,jelly_fish,0.0,0.0,0.0,1.0,,1.0,1.0,0.0,0.0,0.0
6265267.0,virus,0.0,0.0,0.0,1.0,0.0,,1.0,0.0,0.0,0.0
6265267.0,human,0.0,0.0,0.0,0.0,0.0,0.0,,0.0,0.0,0.0
6265267.0,god,1.0,0.0,1.0,1.0,1.0,1.0,1.0,,1.0,1.0
6265267.0,autonomous_car,1.0,0.0,1.0,1.0,1.0,1.0,1.0,0.0,,1.0
6265267.0,computer,0.0,0.0,1.0,1.0,1.0,1.0,1.0,0.0,0.0,
6265276.0,robot,,0.0,0.0,1.0,1.0,1.0,1.0,0.0,0.0,1.0
6265276.0,rock,1.0,,1.0,1.0,1.0,1.0,1.0,0.0,1.0,1.0
6265276.0,artificial_intelligence,1.0,0.0,,1.0,0.0,0.0,1.0,0.0,0.0,0.0
6265276.0,chimpanzee,0.0,0.0,0.0,,0.0,0.0,1.0,0.0,0.0,0.0
6265276.0,jelly_fish,0.0,0.0,1.0,1.0,,1.0,1.0,0.0,0.0,0.0
6265276.0,virus,0.0,0.0,1.0,1.0,0.0,,1.0,0.0,1.0,0.0
6265276.0,human,0.0,0.0,0.0,0.0,0.0,0.0,,0.0,0.0,0.0
6265276.0,god,1.0,1.0,1.0,1.0,1.0,1.0,1.0,,1.0,1.0
6265276.0,autonomous_car,1.0,0.0,1.0,1.0,1.0,0.0,1.0,0.0,,1.0
6265276.0,computer,0.0,0.0,1.0,1.0,1.0,1.0,1.0,0.0,0.0,
6265277.0,robot,,0.0,1.0,1.0,1.0,1.0,1.0,1.0,1.0,1.0
6265277.0,rock,1.0,,1.0,1.0,1.0,1.0,1.0,1.0,1.0,1.0
6265277.0,artificial_intelligence,0.0,0.0,,1.0,1.0,1.0,1.0,1.0,0.0,1.0
6265277.0,chimpanzee,0.0,0.0,0.0,,0.0,0.0,1.0,0.0,0.0,0.0
6265277.0,jelly_fish,0.0,0.0,0.0,1.0,,0.0,1.0,0.0,0.0,0.0
6265277.0,virus,0.0,0.0,0.0,1.0,1.0,,1.0,0.0,0.0,0.0
6265277.0,human,0.0,0.0,0.0,0.0,0.0,0.0,,0.0,0.0,0.0
6265277.0,god,0.0,0.0,0.0,1.0,1.0,1.0,1.0,,0.0,0.0
6265277.0,autonomous_car,0.0,0.0,1.0,1.0,1.0,1.0,1.0,1.0,,1.0
6265277.0,computer,0.0,0.0,0.0,1.0,1.0,1.0,1.0,1.0,0.0,
6265263.0,robot,,0.0,1.0,1.0,0.0,0.0,1.0,1.0,0.0,1.0
6265263.0,rock,1.0,,1.0,1.0,1.0,1.0,1.0,1.0,1.0,1.0
6265263.0,artificial_intelligence,0.0,0.0,,1.0,1.0,0.0,1.0,1.0,0.0,0.0
6265263.0,chimpanzee,0.0,0.0,0.0,,0.0,0.0,1.0,1.0,0.0,1.0
6265263.0,jelly_fish,1.0,0.0,0.0,1.0,,0.0,1.0,1.0,0.0,1.0
6265263.0,virus,1.0,0.0,1.0,1.0,1.0,,1.0,1.0,1.0,1.0
6265263.0,human,0.0,0.0,0.0,0.0,0.0,0.0,,1.0,0.0,0.0
6265263.0,god,0.0,0.0,0.0,0.0,0.0,0.0,0.0,,0.0,0.0
6265263.0,autonomous_car,1.0,0.0,1.0,1.0,1.0,0.0,1.0,1.0,,1.0
6265263.0,computer,0.0,0.0,1.0,0.0,0.0,0.0,1.0,1.0,0.0,
6265273.0,robot,,0.0,1.0,0.0,0.0,0.0,1.0,1.0,1.0,1.0
6265273.0,rock,1.0,,1.0,1.0,1.0,1.0,1.0,1.0,1.0,1.0
6265273.0,artificial_intelligence,0.0,0.0,,0.0,0.0,0.0,1.0,1.0,0.0,0.0
6265273.0,chimpanzee,1.0,0.0,1.0,,0.0,1.0,1.0,1.0,0.0,0.0
6265273.0,jelly_fish,1.0,0.0,1.0,1.0,,1.0,1.0,1.0,1.0,1.0
6265273.0,virus,1.0,0.0,1.0,0.0,0.0,,0.0,1.0,0.0,1.0
6265273.0,human,0.0,0.0,0.0,0.0,0.0,1.0,,1.0,0.0,0.0
6265273.0,god,0.0,0.0,0.0,0.0,0.0,0.0,0.0,,0.0,0.0
6265273.0,autonomous_car,0.0,0.0,1.0,1.0,0.0,1.0,1.0,1.0,,1.0
6265273.0,computer,0.0,0.0,1.0,1.0,0.0,0.0,1.0,1.0,0.0,
6265281.0,robot,,0.0,1.0,0.0,0.0,0.0,0.0,1.0,0.0,0.0
6265281.0,rock,1.0,,1.0,1.0,1.0,1.0,1.0,1.0,1.0,1.0
6265281.0,artificial_intelligence,0.0,0.0,,0.0,0.0,0.0,0.0,0.0,0.0,1.0
6265281.0,chimpanzee,1.0,0.0,1.0,,0.0,0.0,1.0,1.0,1.0,1.0
6265281.0,jelly_fish,1.0,0.0,1.0,1.0,,1.0,1.0,1.0,1.0,1.0
6265281.0,virus,1.0,0.0,1.0,1.0,0.0,,1.0,1.0,0.0,0.0
6265281.0,human,1.0,0.0,1.0,0.0,0.0,0.0,,1.0,0.0,0.0
6265281.0,god,0.0,0.0,1.0,0.0,0.0,0.0,0.0,,0.0,0.0
6265281.0,autonomous_car,1.0,0.0,1.0,0.0,0.0,1.0,1.0,1.0,,1.0
6265281.0,computer,1.0,0.0,0.0,0.0,0.0,1.0,1.0,1.0,0.0,
6265274.0,robot,,1.0,1.0,0.0,0.0,1.0,1.0,1.0,0.0,0.0
6265274.0,rock,0.0,,0.0,0.0,0.0,1.0,1.0,1.0,0.0,1.0
6265274.0,artificial_intelligence,0.0,1.0,,0.0,0.0,1.0,1.0,1.0,0.0,1.0
6265274.0,chimpanzee,1.0,1.0,1.0,,0.0,1.0,1.0,1.0,1.0,1.0
6265274.0,jelly_fish,1.0,1.0,1.0,1.0,,1.0,1.0,1.0,1.0,1.0
6265274.0,virus,0.0,0.0,0.0,0.0,0.0,,1.0,1.0,0.0,0.0
6265274.0,human,0.0,0.0,0.0,0.0,0.0,0.0,,1.0,0.0,1.0
6265274.0,god,0.0,0.0,0.0,0.0,0.0,0.0,0.0,,0.0,0.0
6265274.0,autonomous_car,1.0,1.0,1.0,0.0,0.0,1.0,1.0,1.0,,1.0
6265274.0,computer,1.0,0.0,0.0,0.0,0.0,1.0,0.0,1.0,0.0,
6265284.0,robot,,0.0,0.0,0.0,0.0,0.0,0.0,1.0,0.0,0.0
6265284.0,rock,1.0,,1.0,1.0,1.0,1.0,1.0,1.0,1.0,1.0
6265284.0,artificial_intelligence,1.0,0.0,,0.0,0.0,1.0,0.0,1.0,0.0,0.0
6265284.0,chimpanzee,1.0,0.0,1.0,,0.0,1.0,1.0,1.0,1.0,1.0
6265284.0,jelly_fish,1.0,0.0,1.0,1.0,,1.0,1.0,1.0,1.0,1.0
6265284.0,virus,1.0,0.0,0.0,0.0,0.0,,0.0,0.0,0.0,0.0
6265284.0,human,1.0,0.0,1.0,0.0,0.0,1.0,,1.0,0.0,0.0
6265284.0,god,0.0,0.0,0.0,0.0,0.0,1.0,0.0,,0.0,0.0
6265284.0,autonomous_car,1.0,0.0,1.0,0.0,0.0,1.0,1.0,1.0,,1.0
6265284.0,computer,1.0,0.0,1.0,0.0,0.0,1.0,1.0,1.0,0.0,
6265283.0,robot,,0.0,0.0,0.0,0.0,1.0,1.0,0.0,1.0,1.0
6265283.0,rock,1.0,,0.0,1.0,0.0,1.0,1.0,0.0,1.0,1.0
6265283.0,artificial_intelligence,1.0,1.0,,1.0,1.0,1.0,1.0,0.0,1.0,1.0
6265283.0,chimpanzee,1.0,0.0,0.0,,0.0,0.0,1.0,0.0,1.0,1.0
6265283.0,jelly_fish,1.0,1.0,0.0,1.0,,1.0,1.0,0.0,1.0,1.0
6265283.0,virus,0.0,0.0,0.0,1.0,0.0,,1.0,0.0,1.0,1.0
6265283.0,human,0.0,0.0,0.0,0.0,0.0,0.0,,0.0,0.0,0.0
6265283.0,god,1.0,1.0,1.0,1.0,1.0,1.0,1.0,,1.0,1.0
6265283.0,autonomous_car,0.0,0.0,0.0,0.0,0.0,0.0,1.0,0.0,,1.0
6265283.0,computer,0.0,0.0,0.0,0.0,0.0,0.0,1.0,0.0,0.0,
6265290.0,robot,,0.0,0.0,1.0,0.0,0.0,1.0,0.0,0.0,1.0
6265290.0,rock,1.0,,1.0,1.0,1.0,1.0,1.0,0.0,1.0,1.0
6265290.0,artificial_intelligence,1.0,0.0,,0.0,0.0,0.0,1.0,0.0,0.0,0.0
6265290.0,chimpanzee,0.0,0.0,1.0,,0.0,0.0,1.0,0.0,0.0,1.0
6265290.0,jelly_fish,1.0,0.0,1.0,1.0,,0.0,1.0,0.0,1.0,1.0
6265290.0,virus,1.0,0.0,1.0,1.0,1.0,,1.0,0.0,1.0,1.0
6265290.0,human,0.0,0.0,0.0,0.0,0.0,0.0,,0.0,0.0,0.0
6265290.0,god,1.0,1.0,1.0,1.0,1.0,1.0,1.0,,1.0,1.0
6265290.0,autonomous_car,1.0,0.0,1.0,1.0,0.0,0.0,1.0,0.0,,1.0
6265290.0,computer,0.0,0.0,1.0,0.0,0.0,0.0,1.0,0.0,0.0,
6265300.0,robot,,0.0,0.0,0.0,0.0,0.0,1.0,0.0,0.0,0.0
6265300.0,rock,1.0,,1.0,1.0,1.0,1.0,1.0,1.0,1.0,1.0
6265300.0,artificial_intelligence,1.0,0.0,,1.0,0.0,1.0,1.0,0.0,1.0,1.0
6265300.0,chimpanzee,1.0,0.0,0.0,,0.0,1.0,1.0,0.0,1.0,1.0
6265300.0,jelly_fish,1.0,0.0,1.0,1.0,,1.0,1.0,0.0,1.0,1.0
6265300.0,virus,1.0,0.0,0.0,0.0,0.0,,1.0,0.0,0.0,0.0
6265300.0,human,0.0,0.0,0.0,0.0,0.0,0.0,,0.0,0.0,0.0
6265300.0,god,1.0,0.0,1.0,1.0,1.0,1.0,1.0,,1.0,1.0
6265300.0,autonomous_car,1.0,0.0,0.0,0.0,0.0,1.0,1.0,0.0,,1.0
6265300.0,computer,1.0,0.0,0.0,0.0,0.0,1.0,1.0,0.0,0.0,
6265335.0,robot,,0.0,1.0,1.0,0.0,0.0,1.0,0.0,0.0,1.0
6265335.0,rock,1.0,,1.0,0.0,1.0,1.0,1.0,0.0,1.0,1.0
6265335.0,artificial_intelligence,0.0,0.0,,1.0,1.0,1.0,1.0,0.0,0.0,1.0
6265335.0,chimpanzee,0.0,1.0,0.0,,0.0,0.0,1.0,0.0,0.0,0.0
6265335.0,jelly_fish,1.0,0.0,0.0,1.0,,0.0,1.0,0.0,0.0,1.0
6265335.0,virus,1.0,0.0,0.0,1.0,1.0,,1.0,0.0,0.0,0.0
6265335.0,human,0.0,0.0,0.0,0.0,0.0,0.0,,0.0,0.0,0.0
6265335.0,god,1.0,1.0,1.0,1.0,1.0,1.0,1.0,,1.0,1.0
6265335.0,autonomous_car,1.0,0.0,1.0,1.0,1.0,1.0,1.0,0.0,,1.0
6265335.0,computer,0.0,0.0,0.0,1.0,0.0,1.0,1.0,0.0,0.0,
6265332.0,robot,,0.0,0.0,0.0,0.0,1.0,0.0,0.0,0.0,0.0
6265332.0,rock,1.0,,1.0,1.0,1.0,1.0,1.0,1.0,1.0,1.0
6265332.0,artificial_intelligence,1.0,0.0,,0.0,0.0,1.0,0.0,0.0,0.0,1.0
6265332.0,chimpanzee,1.0,0.0,1.0,,0.0,1.0,0.0,0.0,0.0,1.0
6265332.0,jelly_fish,1.0,0.0,1.0,1.0,,1.0,1.0,0.0,1.0,1.0
6265332.0,virus,0.0,0.0,0.0,0.0,0.0,,0.0,0.0,0.0,0.0
6265332.0,human,1.0,0.0,1.0,1.0,0.0,1.0,,0.0,0.0,1.0
6265332.0,god,1.0,0.0,1.0,1.0,1.0,1.0,1.0,,1.0,1.0
6265332.0,autonomous_car,1.0,0.0,1.0,1.0,0.0,1.0,1.0,0.0,,1.0
6265332.0,computer,1.0,0.0,0.0,0.0,0.0,1.0,0.0,0.0,0.0,
6265336.0,robot,,0.0,1.0,0.0,1.0,1.0,1.0,1.0,1.0,1.0
6265336.0,rock,1.0,,1.0,1.0,1.0,1.0,1.0,1.0,1.0,1.0
6265336.0,artificial_intelligence,0.0,0.0,,1.0,1.0,1.0,1.0,1.0,0.0,1.0
6265336.0,chimpanzee,1.0,0.0,0.0,,1.0,1.0,1.0,1.0,0.0,1.0
6265336.0,jelly_fish,0.0,0.0,0.0,0.0,,1.0,1.0,1.0,0.0,1.0
6265336.0,virus,0.0,0.0,0.0,0.0,0.0,,1.0,1.0,1.0,0.0
6265336.0,human,0.0,0.0,0.0,0.0,0.0,0.0,,0.0,0.0,0.0
6265336.0,god,0.0,0.0,0.0,0.0,0.0,0.0,1.0,,0.0,0.0
6265336.0,autonomous_car,0.0,0.0,1.0,1.0,1.0,0.0,1.0,1.0,,1.0
6265336.0,computer,0.0,0.0,0.0,0.0,0.0,1.0,1.0,1.0,0.0,
6265367.0,robot,,0.0,1.0,0.0,0.0,0.0,1.0,1.0,0.0,1.0
6265367.0,rock,1.0,,1.0,1.0,0.0,0.0,1.0,1.0,0.0,1.0
6265367.0,artificial_intelligence,0.0,0.0,,0.0,0.0,0.0,1.0,1.0,0.0,0.0
6265367.0,chimpanzee,1.0,0.0,1.0,,0.0,0.0,1.0,1.0,1.0,1.0
6265367.0,jelly_fish,1.0,1.0,1.0,1.0,,1.0,1.0,1.0,1.0,1.0
6265367.0,virus,1.0,1.0,1.0,1.0,0.0,,1.0,1.0,0.0,0.0
6265367.0,human,0.0,0.0,0.0,0.0,0.0,0.0,,1.0,0.0,1.0
6265367.0,god,0.0,0.0,0.0,0.0,0.0,0.0,0.0,,0.0,0.0
6265367.0,autonomous_car,1.0,1.0,1.0,0.0,0.0,1.0,1.0,1.0,,1.0
6265367.0,computer,0.0,0.0,1.0,0.0,0.0,1.0,0.0,1.0,0.0,
6265429.0,robot,,0.0,1.0,1.0,1.0,1.0,1.0,0.0,0.0,0.0
6265429.0,rock,1.0,,1.0,1.0,1.0,1.0,1.0,1.0,1.0,1.0
6265429.0,artificial_intelligence,0.0,0.0,,1.0,1.0,0.0,1.0,0.0,0.0,0.0
6265429.0,chimpanzee,0.0,0.0,0.0,,0.0,0.0,1.0,0.0,0.0,0.0
6265429.0,jelly_fish,0.0,0.0,0.0,1.0,,1.0,1.0,0.0,0.0,0.0
6265429.0,virus,0.0,0.0,1.0,1.0,0.0,,1.0,0.0,0.0,0.0
6265429.0,human,0.0,0.0,0.0,0.0,0.0,0.0,,0.0,0.0,0.0
6265429.0,god,1.0,0.0,1.0,1.0,1.0,1.0,1.0,,1.0,1.0
6265429.0,autonomous_car,1.0,0.0,1.0,1.0,1.0,1.0,1.0,0.0,,1.0
6265429.0,computer,1.0,0.0,1.0,1.0,1.0,1.0,1.0,0.0,0.0,
6265505.0,robot,,0.0,0.0,0.0,0.0,0.0,1.0,0.0,0.0,0.0
6265505.0,rock,1.0,,1.0,0.0,1.0,0.0,1.0,0.0,1.0,1.0
6265505.0,artificial_intelligence,1.0,0.0,,0.0,0.0,0.0,1.0,0.0,0.0,0.0
6265505.0,chimpanzee,1.0,1.0,1.0,,0.0,1.0,1.0,0.0,1.0,1.0
6265505.0,jelly_fish,1.0,0.0,1.0,1.0,,1.0,1.0,0.0,1.0,1.0
6265505.0,virus,1.0,1.0,1.0,0.0,0.0,,1.0,0.0,1.0,1.0
6265505.0,human,0.0,0.0,0.0,0.0,0.0,0.0,,0.0,0.0,0.0
6265505.0,god,1.0,1.0,1.0,1.0,1.0,1.0,1.0,,1.0,1.0
6265505.0,autonomous_car,1.0,0.0,1.0,0.0,0.0,0.0,1.0,0.0,,1.0
6265505.0,computer,1.0,0.0,1.0,0.0,0.0,0.0,1.0,0.0,0.0,
6265531.0,robot,,0.0,1.0,1.0,0.0,1.0,1.0,1.0,1.0,1.0
6265531.0,rock,1.0,,1.0,1.0,1.0,1.0,1.0,1.0,1.0,1.0
6265531.0,artificial_intelligence,0.0,0.0,,1.0,0.0,1.0,1.0,1.0,0.0,0.0
6265531.0,chimpanzee,0.0,0.0,0.0,,0.0,1.0,1.0,0.0,0.0,0.0
6265531.0,jelly_fish,1.0,0.0,1.0,1.0,,1.0,1.0,0.0,0.0,0.0
6265531.0,virus,0.0,0.0,0.0,0.0,0.0,,1.0,0.0,0.0,0.0
6265531.0,human,0.0,0.0,0.0,0.0,0.0,0.0,,0.0,0.0,0.0
6265531.0,god,0.0,0.0,0.0,1.0,1.0,1.0,1.0,,0.0,1.0
6265531.0,autonomous_car,0.0,0.0,1.0,1.0,1.0,1.0,1.0,1.0,,0.0
6265531.0,computer,0.0,0.0,1.0,1.0,1.0,1.0,1.0,0.0,1.0,
6265543.0,robot,,0.0,1.0,1.0,1.0,1.0,1.0,0.0,0.0,1.0
6265543.0,rock,1.0,,1.0,1.0,1.0,1.0,1.0,0.0,1.0,1.0
6265543.0,artificial_intelligence,0.0,0.0,,1.0,1.0,1.0,1.0,0.0,0.0,1.0
6265543.0,chimpanzee,0.0,0.0,0.0,,1.0,1.0,1.0,0.0,0.0,0.0
6265543.0,jelly_fish,0.0,0.0,0.0,0.0,,1.0,1.0,0.0,0.0,0.0
6265543.0,virus,0.0,0.0,0.0,0.0,0.0,,1.0,0.0,0.0,0.0
6265543.0,human,0.0,0.0,0.0,0.0,0.0,0.0,,0.0,0.0,0.0
6265543.0,god,1.0,1.0,1.0,1.0,1.0,1.0,1.0,,1.0,1.0
6265543.0,autonomous_car,1.0,0.0,1.0,1.0,1.0,1.0,1.0,0.0,,1.0
6265543.0,computer,0.0,0.0,0.0,1.0,1.0,1.0,1.0,0.0,0.0,
6265542.0,robot,,0.0,1.0,1.0,0.0,0.0,1.0,1.0,0.0,0.0
6265542.0,rock,1.0,,1.0,1.0,1.0,1.0,1.0,1.0,1.0,1.0
6265542.0,artificial_intelligence,0.0,0.0,,1.0,0.0,0.0,1.0,1.0,0.0,0.0
6265542.0,chimpanzee,0.0,0.0,0.0,,0.0,0.0,1.0,1.0,0.0,0.0
6265542.0,jelly_fish,1.0,0.0,1.0,1.0,,0.0,1.0,1.0,1.0,0.0
6265542.0,virus,1.0,0.0,1.0,1.0,1.0,,1.0,1.0,1.0,0.0
6265542.0,human,0.0,0.0,0.0,0.0,0.0,0.0,,1.0,0.0,0.0
6265542.0,god,0.0,0.0,0.0,0.0,0.0,0.0,0.0,,0.0,0.0
6265542.0,autonomous_car,1.0,0.0,1.0,1.0,0.0,0.0,1.0,1.0,,0.0
6265542.0,computer,1.0,0.0,1.0,1.0,1.0,1.0,1.0,1.0,1.0,
6265546.0,robot,,0.0,1.0,0.0,0.0,0.0,0.0,0.0,0.0,1.0
6265546.0,rock,1.0,,1.0,1.0,1.0,1.0,1.0,0.0,1.0,1.0
6265546.0,artificial_intelligence,0.0,0.0,,0.0,0.0,0.0,1.0,0.0,0.0,1.0
6265546.0,chimpanzee,1.0,0.0,1.0,,0.0,0.0,1.0,0.0,1.0,1.0
6265546.0,jelly_fish,1.0,0.0,1.0,1.0,,1.0,1.0,0.0,1.0,1.0
6265546.0,virus,1.0,0.0,1.0,1.0,0.0,,1.0,0.0,1.0,1.0
6265546.0,human,1.0,0.0,0.0,0.0,0.0,0.0,,0.0,0.0,0.0
6265546.0,god,1.0,1.0,1.0,1.0,1.0,1.0,1.0,,1.0,1.0
6265546.0,autonomous_car,1.0,0.0,1.0,0.0,0.0,0.0,1.0,0.0,,1.0
6265546.0,computer,0.0,0.0,0.0,0.0,0.0,0.0,1.0,0.0,0.0,
6265275.0,robot,,0.0,1.0,0.0,0.0,0.0,0.0,0.0,0.0,0.0
6265275.0,rock,1.0,,1.0,1.0,1.0,1.0,1.0,1.0,1.0,1.0
6265275.0,artificial_intelligence,0.0,0.0,,0.0,0.0,0.0,0.0,0.0,0.0,0.0
6265275.0,chimpanzee,1.0,0.0,1.0,,0.0,1.0,1.0,1.0,1.0,1.0
6265275.0,jelly_fish,1.0,0.0,1.0,1.0,,1.0,1.0,1.0,1.0,1.0
6265275.0,virus,1.0,0.0,1.0,0.0,0.0,,1.0,0.0,1.0,0.0
6265275.0,human,1.0,0.0,1.0,0.0,0.0,0.0,,1.0,0.0,0.0
6265275.0,god,1.0,0.0,1.0,0.0,0.0,1.0,0.0,,0.0,1.0
6265275.0,autonomous_car,1.0,0.0,1.0,0.0,0.0,0.0,1.0,1.0,,1.0
6265275.0,computer,1.0,0.0,1.0,0.0,0.0,1.0,1.0,0.0,0.0,
6265237.0,robot,,0.0,1.0,0.0,0.0,0.0,0.0,1.0,0.0,1.0
6265237.0,rock,1.0,,1.0,1.0,1.0,1.0,1.0,1.0,1.0,1.0
6265237.0,artificial_intelligence,0.0,0.0,,0.0,0.0,0.0,0.0,1.0,0.0,0.0
6265237.0,chimpanzee,1.0,0.0,1.0,,0.0,0.0,1.0,1.0,1.0,1.0
6265237.0,jelly_fish,1.0,0.0,1.0,1.0,,1.0,1.0,1.0,1.0,1.0
6265237.0,virus,1.0,0.0,1.0,1.0,0.0,,1.0,1.0,1.0,1.0
6265237.0,human,1.0,0.0,1.0,0.0,0.0,0.0,,1.0,0.0,1.0
6265237.0,god,0.0,0.0,0.0,0.0,0.0,0.0,0.0,,0.0,0.0
6265237.0,autonomous_car,1.0,0.0,1.0,0.0,0.0,0.0,1.0,1.0,,1.0
6265237.0,computer,0.0,0.0,1.0,0.0,0.0,0.0,0.0,1.0,0.0,
6265272.0,robot,,0.0,0.0,0.0,0.0,0.0,1.0,1.0,0.0,1.0
6265272.0,rock,1.0,,1.0,1.0,1.0,1.0,1.0,1.0,1.0,1.0
6265272.0,artificial_intelligence,1.0,0.0,,0.0,0.0,0.0,1.0,0.0,0.0,1.0
6265272.0,chimpanzee,1.0,0.0,1.0,,0.0,0.0,1.0,1.0,1.0,1.0
6265272.0,jelly_fish,1.0,0.0,1.0,1.0,,1.0,1.0,1.0,1.0,1.0
6265272.0,virus,1.0,0.0,1.0,1.0,0.0,,1.0,1.0,1.0,1.0
6265272.0,human,0.0,0.0,0.0,0.0,0.0,0.0,,0.0,0.0,0.0
6265272.0,god,0.0,0.0,1.0,0.0,0.0,0.0,1.0,,0.0,1.0
6265272.0,autonomous_car,1.0,0.0,1.0,0.0,0.0,0.0,1.0,1.0,,1.0
6265272.0,computer,0.0,0.0,0.0,0.0,0.0,0.0,1.0,0.0,0.0,
6265280.0,robot,,0.0,1.0,0.0,1.0,0.0,0.0,0.0,0.0,1.0
6265280.0,rock,1.0,,1.0,1.0,1.0,1.0,1.0,1.0,1.0,1.0
6265280.0,artificial_intelligence,0.0,0.0,,0.0,0.0,0.0,0.0,1.0,0.0,0.0
6265280.0,chimpanzee,1.0,0.0,1.0,,0.0,0.0,1.0,1.0,1.0,1.0
6265280.0,jelly_fish,0.0,0.0,1.0,1.0,,0.0,1.0,1.0,1.0,1.0
6265280.0,virus,1.0,0.0,1.0,1.0,1.0,,1.0,1.0,1.0,1.0
6265280.0,human,1.0,0.0,1.0,0.0,0.0,0.0,,0.0,0.0,1.0
6265280.0,god,1.0,0.0,0.0,0.0,0.0,0.0,1.0,,0.0,0.0
6265280.0,autonomous_car,1.0,0.0,1.0,0.0,0.0,0.0,1.0,1.0,,1.0
6265280.0,computer,0.0,0.0,1.0,0.0,0.0,0.0,0.0,1.0,0.0,
6265279.0,robot,,0.0,1.0,1.0,1.0,1.0,1.0,0.0,1.0,1.0
6265279.0,rock,1.0,,1.0,1.0,1.0,1.0,1.0,1.0,1.0,1.0
6265279.0,artificial_intelligence,0.0,0.0,,1.0,1.0,1.0,1.0,0.0,0.0,1.0
6265279.0,chimpanzee,0.0,0.0,0.0,,0.0,1.0,1.0,0.0,0.0,0.0
6265279.0,jelly_fish,0.0,0.0,0.0,1.0,,0.0,1.0,0.0,0.0,0.0
6265279.0,virus,0.0,0.0,0.0,0.0,1.0,,1.0,0.0,0.0,0.0
6265279.0,human,0.0,0.0,0.0,0.0,0.0,0.0,,0.0,0.0,0.0
6265279.0,god,1.0,0.0,1.0,1.0,1.0,1.0,1.0,,1.0,1.0
6265279.0,autonomous_car,0.0,0.0,1.0,1.0,1.0,1.0,1.0,0.0,,1.0
6265279.0,computer,0.0,0.0,0.0,1.0,1.0,1.0,1.0,0.0,0.0,
6265278.0,robot,,0.0,0.0,0.0,0.0,0.0,1.0,0.0,1.0,0.0
6265278.0,rock,1.0,,1.0,1.0,1.0,1.0,1.0,1.0,1.0,1.0
6265278.0,artificial_intelligence,1.0,0.0,,0.0,0.0,0.0,1.0,0.0,1.0,0.0
6265278.0,chimpanzee,1.0,0.0,1.0,,0.0,1.0,1.0,0.0,1.0,1.0
6265278.0,jelly_fish,1.0,0.0,1.0,1.0,,1.0,1.0,0.0,1.0,1.0
6265278.0,virus,1.0,0.0,1.0,0.0,0.0,,1.0,0.0,1.0,0.0
6265278.0,human,0.0,0.0,0.0,0.0,0.0,0.0,,0.0,0.0,0.0
6265278.0,god,1.0,0.0,1.0,1.0,1.0,1.0,1.0,,1.0,1.0
6265278.0,autonomous_car,0.0,0.0,0.0,0.0,0.0,0.0,1.0,0.0,,0.0
6265278.0,computer,1.0,0.0,1.0,0.0,0.0,1.0,1.0,0.0,1.0,
6265271.0,robot,,0.0,1.0,0.0,0.0,0.0,0.0,0.0,0.0,0.0
6265271.0,rock,1.0,,1.0,1.0,1.0,1.0,1.0,1.0,1.0,1.0
6265271.0,artificial_intelligence,0.0,0.0,,1.0,0.0,0.0,0.0,0.0,0.0,0.0
6265271.0,chimpanzee,1.0,0.0,0.0,,0.0,0.0,0.0,0.0,1.0,0.0
6265271.0,jelly_fish,1.0,0.0,1.0,1.0,,1.0,1.0,1.0,1.0,1.0
6265271.0,virus,1.0,0.0,1.0,1.0,0.0,,1.0,1.0,1.0,1.0
6265271.0,human,1.0,0.0,1.0,1.0,0.0,0.0,,0.0,0.0,0.0
6265271.0,god,1.0,0.0,1.0,1.0,0.0,0.0,1.0,,1.0,1.0
6265271.0,autonomous_car,1.0,0.0,1.0,0.0,0.0,0.0,1.0,0.0,,0.0
6265271.0,computer,1.0,0.0,1.0,1.0,0.0,0.0,1.0,0.0,1.0,
6265242.0,robot,,0.0,1.0,0.0,0.0,1.0,1.0,1.0,0.0,0.0
6265242.0,rock,1.0,,1.0,1.0,1.0,1.0,1.0,1.0,1.0,1.0
6265242.0,artificial_intelligence,0.0,0.0,,0.0,0.0,0.0,0.0,1.0,0.0,0.0
6265242.0,chimpanzee,1.0,0.0,1.0,,0.0,0.0,1.0,1.0,1.0,1.0
6265242.0,jelly_fish,1.0,0.0,1.0,1.0,,1.0,1.0,1.0,1.0,1.0
6265242.0,virus,0.0,0.0,1.0,1.0,0.0,,1.0,1.0,0.0,0.0
6265242.0,human,0.0,0.0,1.0,0.0,0.0,0.0,,1.0,0.0,0.0
6265242.0,god,0.0,0.0,0.0,0.0,0.0,0.0,0.0,,0.0,0.0
6265242.0,autonomous_car,1.0,0.0,1.0,0.0,0.0,1.0,1.0,1.0,,1.0
6265242.0,computer,1.0,0.0,1.0,0.0,0.0,1.0,1.0,1.0,0.0,
6265255.0,robot,,0.0,0.0,0.0,0.0,0.0,0.0,0.0,0.0,1.0
6265255.0,rock,1.0,,1.0,1.0,1.0,1.0,1.0,0.0,1.0,1.0
6265255.0,artificial_intelligence,1.0,0.0,,0.0,1.0,0.0,1.0,0.0,0.0,0.0
6265255.0,chimpanzee,1.0,0.0,1.0,,0.0,0.0,1.0,0.0,0.0,1.0
6265255.0,jelly_fish,1.0,0.0,0.0,1.0,,0.0,1.0,0.0,1.0,1.0
6265255.0,virus,1.0,0.0,1.0,1.0,1.0,,1.0,0.0,1.0,1.0
6265255.0,human,1.0,0.0,0.0,0.0,0.0,0.0,,0.0,0.0,0.0
6265255.0,god,1.0,1.0,1.0,1.0,1.0,1.0,1.0,,1.0,1.0
6265255.0,autonomous_car,1.0,0.0,1.0,1.0,0.0,0.0,1.0,0.0,,1.0
6265255.0,computer,0.0,0.0,1.0,0.0,0.0,0.0,1.0,0.0,0.0,
6265258.0,robot,,0.0,1.0,0.0,0.0,0.0,1.0,0.0,1.0,1.0
6265258.0,rock,1.0,,1.0,1.0,1.0,1.0,1.0,1.0,1.0,1.0
6265258.0,artificial_intelligence,0.0,0.0,,0.0,0.0,0.0,0.0,0.0,0.0,0.0
6265258.0,chimpanzee,1.0,0.0,1.0,,0.0,1.0,1.0,0.0,1.0,1.0
6265258.0,jelly_fish,1.0,0.0,1.0,1.0,,1.0,1.0,1.0,1.0,1.0
6265258.0,virus,1.0,0.0,1.0,0.0,0.0,,1.0,1.0,1.0,1.0
6265258.0,human,0.0,0.0,1.0,0.0,0.0,0.0,,0.0,1.0,1.0
6265258.0,god,1.0,0.0,1.0,1.0,0.0,0.0,1.0,,0.0,1.0
6265258.0,autonomous_car,0.0,0.0,1.0,0.0,0.0,0.0,0.0,1.0,,0.0
6265258.0,computer,0.0,0.0,1.0,0.0,0.0,0.0,0.0,0.0,1.0,
6265248.0,robot,,0.0,1.0,0.0,0.0,1.0,1.0,1.0,0.0,1.0
6265248.0,rock,1.0,,1.0,1.0,1.0,1.0,1.0,1.0,1.0,1.0
6265248.0,artificial_intelligence,0.0,0.0,,0.0,0.0,1.0,0.0,0.0,0.0,0.0
6265248.0,chimpanzee,1.0,0.0,1.0,,0.0,1.0,1.0,1.0,1.0,1.0
6265248.0,jelly_fish,1.0,0.0,1.0,1.0,,1.0,1.0,1.0,1.0,1.0
6265248.0,virus,0.0,0.0,0.0,0.0,0.0,,0.0,0.0,0.0,0.0
6265248.0,human,0.0,0.0,1.0,0.0,0.0,1.0,,1.0,0.0,1.0
6265248.0,god,0.0,0.0,1.0,0.0,0.0,1.0,0.0,,0.0,0.0
6265248.0,autonomous_car,1.0,0.0,1.0,0.0,0.0,1.0,1.0,1.0,,1.0
6265248.0,computer,0.0,0.0,1.0,0.0,0.0,1.0,0.0,1.0,0.0,
6265235.0,robot,,0.0,1.0,0.0,0.0,0.0,0.0,1.0,0.0,1.0
6265235.0,rock,1.0,,1.0,1.0,1.0,1.0,1.0,1.0,1.0,1.0
6265235.0,artificial_intelligence,0.0,0.0,,0.0,0.0,0.0,1.0,1.0,0.0,0.0
6265235.0,chimpanzee,1.0,0.0,1.0,,0.0,1.0,1.0,1.0,1.0,1.0
6265235.0,jelly_fish,1.0,0.0,1.0,1.0,,1.0,1.0,1.0,1.0,1.0
6265235.0,virus,1.0,0.0,1.0,0.0,0.0,,1.0,1.0,1.0,1.0
6265235.0,human,1.0,0.0,0.0,0.0,0.0,0.0,,1.0,0.0,0.0
6265235.0,god,0.0,0.0,0.0,0.0,0.0,0.0,0.0,,0.0,0.0
6265235.0,autonomous_car,1.0,0.0,1.0,0.0,0.0,0.0,1.0,1.0,,1.0
6265235.0,computer,0.0,0.0,1.0,0.0,0.0,0.0,1.0,1.0,0.0,
6265202.0,robot,,0.0,1.0,0.0,0.0,1.0,0.0,1.0,1.0,0.0
6265202.0,rock,1.0,,1.0,1.0,1.0,1.0,1.0,1.0,1.0,1.0
6265202.0,artificial_intelligence,0.0,0.0,,0.0,0.0,0.0,0.0,0.0,0.0,0.0
6265202.0,chimpanzee,1.0,0.0,1.0,,0.0,1.0,1.0,1.0,1.0,1.0
6265202.0,jelly_fish,1.0,0.0,1.0,1.0,,1.0,1.0,1.0,1.0,1.0
6265202.0,virus,0.0,0.0,1.0,0.0,0.0,,0.0,1.0,0.0,0.0
6265202.0,human,1.0,0.0,1.0,0.0,0.0,1.0,,1.0,1.0,1.0
6265202.0,god,0.0,0.0,1.0,0.0,0.0,0.0,0.0,,0.0,0.0
6265202.0,autonomous_car,0.0,0.0,1.0,0.0,0.0,1.0,0.0,1.0,,0.0
6265202.0,computer,1.0,0.0,1.0,0.0,0.0,1.0,0.0,1.0,1.0,
6265221.0,robot,,0.0,1.0,0.0,0.0,0.0,1.0,0.0,0.0,0.0
6265221.0,rock,1.0,,1.0,1.0,1.0,1.0,1.0,1.0,1.0,1.0
6265221.0,artificial_intelligence,0.0,0.0,,0.0,0.0,0.0,0.0,0.0,0.0,0.0
6265221.0,chimpanzee,1.0,0.0,1.0,,0.0,0.0,1.0,0.0,1.0,1.0
6265221.0,jelly_fish,1.0,0.0,1.0,1.0,,0.0,1.0,0.0,1.0,1.0
6265221.0,virus,1.0,0.0,1.0,1.0,1.0,,1.0,0.0,1.0,1.0
6265221.0,human,0.0,0.0,1.0,0.0,0.0,0.0,,0.0,0.0,1.0
6265221.0,god,1.0,0.0,1.0,1.0,1.0,1.0,1.0,,1.0,1.0
6265221.0,autonomous_car,1.0,0.0,1.0,0.0,0.0,0.0,1.0,0.0,,1.0
6265221.0,computer,1.0,0.0,1.0,0.0,0.0,0.0,0.0,0.0,0.0,
6265226.0,robot,,0.0,1.0,1.0,1.0,1.0,1.0,1.0,1.0,0.0
6265226.0,rock,1.0,,0.0,1.0,1.0,1.0,1.0,1.0,1.0,1.0
6265226.0,artificial_intelligence,0.0,1.0,,1.0,1.0,0.0,1.0,1.0,0.0,0.0
6265226.0,chimpanzee,0.0,0.0,0.0,,0.0,0.0,1.0,1.0,0.0,0.0
6265226.0,jelly_fish,0.0,0.0,0.0,1.0,,0.0,1.0,1.0,0.0,0.0
6265226.0,virus,0.0,0.0,1.0,1.0,1.0,,1.0,1.0,0.0,0.0
6265226.0,human,0.0,0.0,0.0,0.0,0.0,0.0,,0.0,0.0,0.0
6265226.0,god,0.0,0.0,0.0,0.0,0.0,0.0,1.0,,1.0,0.0
6265226.0,autonomous_car,0.0,0.0,1.0,1.0,1.0,1.0,1.0,0.0,,0.0
6265226.0,computer,1.0,0.0,1.0,1.0,1.0,1.0,1.0,1.0,1.0,
6265216.0,robot,,0.0,0.0,0.0,0.0,0.0,1.0,1.0,1.0,0.0
6265216.0,rock,1.0,,1.0,1.0,1.0,1.0,1.0,1.0,1.0,1.0
6265216.0,artificial_intelligence,1.0,0.0,,0.0,0.0,0.0,1.0,1.0,0.0,0.0
6265216.0,chimpanzee,1.0,0.0,1.0,,0.0,1.0,1.0,1.0,1.0,1.0
6265216.0,jelly_fish,1.0,0.0,1.0,1.0,,1.0,1.0,1.0,1.0,1.0
6265216.0,virus,1.0,0.0,1.0,0.0,0.0,,1.0,1.0,1.0,1.0
6265216.0,human,0.0,0.0,0.0,0.0,0.0,0.0,,1.0,0.0,0.0
6265216.0,god,0.0,0.0,0.0,0.0,0.0,0.0,0.0,,0.0,0.0
6265216.0,autonomous_car,0.0,0.0,1.0,0.0,0.0,0.0,1.0,1.0,,1.0
6265216.0,computer,1.0,0.0,1.0,0.0,0.0,0.0,1.0,1.0,0.0,
6265206.0,robot,,0.0,1.0,0.0,0.0,1.0,0.0,1.0,0.0,1.0
6265206.0,rock,1.0,,1.0,1.0,1.0,1.0,1.0,1.0,1.0,1.0
6265206.0,artificial_intelligence,0.0,0.0,,0.0,0.0,0.0,0.0,1.0,0.0,0.0
6265206.0,chimpanzee,1.0,0.0,1.0,,0.0,1.0,1.0,1.0,1.0,1.0
6265206.0,jelly_fish,1.0,0.0,1.0,1.0,,1.0,1.0,1.0,1.0,1.0
6265206.0,virus,0.0,0.0,1.0,0.0,0.0,,1.0,1.0,1.0,1.0
6265206.0,human,1.0,0.0,1.0,0.0,0.0,0.0,,1.0,0.0,1.0
6265206.0,god,0.0,0.0,0.0,0.0,0.0,0.0,0.0,,0.0,0.0
6265206.0,autonomous_car,1.0,0.0,1.0,0.0,0.0,0.0,1.0,1.0,,1.0
6265206.0,computer,0.0,0.0,1.0,0.0,0.0,0.0,0.0,1.0,0.0,
6265207.0,robot,,0.0,1.0,0.0,0.0,0.0,1.0,1.0,0.0,1.0
6265207.0,rock,1.0,,1.0,1.0,1.0,1.0,1.0,1.0,1.0,1.0
6265207.0,artificial_intelligence,0.0,0.0,,0.0,0.0,0.0,1.0,1.0,0.0,1.0
6265207.0,chimpanzee,1.0,0.0,1.0,,0.0,0.0,1.0,1.0,1.0,1.0
6265207.0,jelly_fish,1.0,0.0,1.0,1.0,,1.0,1.0,1.0,1.0,1.0
6265207.0,virus,1.0,0.0,1.0,1.0,0.0,,1.0,1.0,1.0,1.0
6265207.0,human,0.0,0.0,0.0,0.0,0.0,0.0,,1.0,0.0,0.0
6265207.0,god,0.0,0.0,0.0,0.0,0.0,0.0,0.0,,0.0,0.0
6265207.0,autonomous_car,1.0,0.0,1.0,0.0,0.0,0.0,1.0,1.0,,1.0
6265207.0,computer,0.0,0.0,0.0,0.0,0.0,0.0,1.0,1.0,0.0,
6265203.0,robot,,0.0,1.0,0.0,0.0,1.0,0.0,0.0,0.0,1.0
6265203.0,rock,1.0,,1.0,1.0,1.0,1.0,1.0,1.0,1.0,1.0
6265203.0,artificial_intelligence,0.0,0.0,,0.0,0.0,0.0,1.0,0.0,0.0,0.0
6265203.0,chimpanzee,1.0,0.0,1.0,,0.0,1.0,1.0,0.0,0.0,1.0
6265203.0,jelly_fish,1.0,0.0,1.0,1.0,,1.0,1.0,1.0,1.0,1.0
6265203.0,virus,0.0,0.0,1.0,0.0,0.0,,0.0,0.0,0.0,0.0
6265203.0,human,1.0,0.0,0.0,0.0,0.0,1.0,,0.0,0.0,1.0
6265203.0,god,1.0,0.0,1.0,1.0,0.0,1.0,1.0,,1.0,1.0
6265203.0,autonomous_car,1.0,0.0,1.0,1.0,0.0,1.0,1.0,0.0,,1.0
6265203.0,computer,0.0,0.0,1.0,0.0,0.0,1.0,0.0,0.0,0.0,
