part_id,word,jelly_fish,human,artificial_intelligence,virus,rock,robot,chimpanzee,god,autonomous_car,computer
5521538.0,jelly_fish,,1.0,1.0,1.0,0.0,1.0,1.0,1.0,0.0,1.0
5521538.0,human,0.0,,0.0,0.0,0.0,0.0,0.0,1.0,0.0,0.0
5521538.0,artificial_intelligence,0.0,1.0,,0.0,0.0,0.0,1.0,1.0,0.0,0.0
5521538.0,virus,0.0,1.0,1.0,,0.0,1.0,1.0,1.0,0.0,0.0
5521538.0,rock,1.0,1.0,1.0,1.0,,1.0,1.0,1.0,1.0,1.0
5521538.0,robot,0.0,1.0,1.0,0.0,0.0,,1.0,1.0,0.0,1.0
5521538.0,chimpanzee,0.0,1.0,0.0,0.0,0.0,0.0,,1.0,0.0,0.0
5521538.0,god,0.0,0.0,0.0,0.0,0.0,0.0,0.0,,0.0,0.0
5521538.0,autonomous_car,1.0,1.0,1.0,1.0,0.0,1.0,1.0,1.0,,1.0
5521538.0,computer,0.0,1.0,1.0,1.0,0.0,0.0,1.0,1.0,0.0,
5521541.0,jelly_fish,,1.0,1.0,1.0,0.0,1.0,1.0,1.0,1.0,1.0
5521541.0,human,0.0,,1.0,0.0,0.0,1.0,1.0,0.0,1.0,1.0
5521541.0,artificial_intelligence,0.0,0.0,,0.0,0.0,0.0,0.0,0.0,1.0,0.0
5521541.0,virus,0.0,1.0,1.0,,0.0,1.0,1.0,0.0,1.0,1.0
5521541.0,rock,1.0,1.0,1.0,1.0,,1.0,1.0,1.0,1.0,1.0
5521541.0,robot,0.0,0.0,1.0,0.0,0.0,,1.0,0.0,0.0,0.0
5521541.0,chimpanzee,0.0,0.0,1.0,0.0,0.0,0.0,,0.0,1.0,1.0
5521541.0,god,0.0,1.0,1.0,1.0,0.0,1.0,1.0,,1.0,1.0
5521541.0,autonomous_car,0.0,0.0,0.0,0.0,0.0,1.0,0.0,0.0,,0.0
5521541.0,computer,0.0,0.0,1.0,0.0,0.0,1.0,0.0,0.0,1.0,
5521539.0,jelly_fish,,1.0,1.0,1.0,0.0,1.0,1.0,1.0,1.0,1.0
5521539.0,human,0.0,,0.0,0.0,0.0,0.0,0.0,1.0,0.0,0.0
5521539.0,artificial_intelligence,0.0,1.0,,0.0,0.0,0.0,0.0,1.0,0.0,1.0
5521539.0,virus,0.0,1.0,1.0,,0.0,0.0,0.0,1.0,1.0,1.0
5521539.0,rock,1.0,1.0,1.0,1.0,,1.0,1.0,1.0,1.0,1.0
5521539.0,robot,0.0,1.0,1.0,1.0,0.0,,0.0,1.0,1.0,1.0
5521539.0,chimpanzee,0.0,1.0,1.0,1.0,0.0,1.0,,1.0,1.0,1.0
5521539.0,god,0.0,0.0,0.0,0.0,0.0,0.0,0.0,,0.0,0.0
5521539.0,autonomous_car,0.0,1.0,1.0,0.0,0.0,0.0,0.0,1.0,,1.0
5521539.0,computer,0.0,1.0,0.0,0.0,0.0,0.0,0.0,1.0,0.0,
5521551.0,jelly_fish,,1.0,0.0,0.0,0.0,0.0,1.0,0.0,0.0,0.0
5521551.0,human,0.0,,0.0,0.0,0.0,0.0,0.0,0.0,0.0,0.0
5521551.0,artificial_intelligence,1.0,1.0,,1.0,0.0,1.0,1.0,0.0,1.0,0.0
5521551.0,virus,1.0,1.0,0.0,,0.0,1.0,1.0,0.0,1.0,0.0
5521551.0,rock,1.0,1.0,1.0,1.0,,1.0,1.0,0.0,1.0,1.0
5521551.0,robot,1.0,1.0,0.0,0.0,0.0,,1.0,0.0,0.0,0.0
5521551.0,chimpanzee,0.0,1.0,0.0,0.0,0.0,0.0,,0.0,0.0,0.0
5521551.0,god,1.0,1.0,1.0,1.0,1.0,1.0,1.0,,1.0,1.0
5521551.0,autonomous_car,1.0,1.0,0.0,0.0,0.0,1.0,1.0,0.0,,0.0
5521551.0,computer,1.0,1.0,1.0,1.0,0.0,1.0,1.0,0.0,1.0,
5521552.0,jelly_fish,,1.0,1.0,1.0,0.0,1.0,1.0,1.0,1.0,1.0
5521552.0,human,0.0,,1.0,1.0,0.0,0.0,0.0,1.0,1.0,1.0
5521552.0,artificial_intelligence,0.0,0.0,,0.0,0.0,0.0,0.0,1.0,0.0,0.0
5521552.0,virus,0.0,0.0,1.0,,0.0,0.0,0.0,1.0,0.0,1.0
5521552.0,rock,1.0,1.0,1.0,1.0,,1.0,1.0,1.0,1.0,1.0
5521552.0,robot,0.0,1.0,1.0,1.0,0.0,,0.0,1.0,1.0,1.0
5521552.0,chimpanzee,0.0,1.0,1.0,1.0,0.0,1.0,,1.0,1.0,1.0
5521552.0,god,0.0,0.0,0.0,0.0,0.0,0.0,0.0,,0.0,0.0
5521552.0,autonomous_car,0.0,0.0,1.0,1.0,0.0,0.0,0.0,1.0,,0.0
5521552.0,computer,0.0,0.0,1.0,0.0,0.0,0.0,0.0,1.0,1.0,
5521568.0,jelly_fish,,1.0,1.0,1.0,0.0,1.0,1.0,0.0,1.0,1.0
5521568.0,human,0.0,,0.0,0.0,0.0,0.0,0.0,0.0,0.0,0.0
5521568.0,artificial_intelligence,0.0,1.0,,1.0,0.0,0.0,0.0,0.0,0.0,0.0
5521568.0,virus,0.0,1.0,0.0,,0.0,0.0,1.0,0.0,0.0,1.0
5521568.0,rock,1.0,1.0,1.0,1.0,,1.0,1.0,1.0,1.0,1.0
5521568.0,robot,0.0,1.0,1.0,1.0,0.0,,1.0,0.0,1.0,0.0
5521568.0,chimpanzee,0.0,1.0,1.0,0.0,0.0,0.0,,0.0,1.0,0.0
5521568.0,god,1.0,1.0,1.0,1.0,0.0,1.0,1.0,,1.0,1.0
5521568.0,autonomous_car,0.0,1.0,1.0,1.0,0.0,0.0,0.0,0.0,,1.0
5521568.0,computer,0.0,1.0,1.0,0.0,0.0,1.0,1.0,0.0,0.0,
5521573.0,jelly_fish,,1.0,0.0,0.0,0.0,0.0,1.0,0.0,0.0,0.0
5521573.0,human,0.0,,0.0,0.0,0.0,0.0,0.0,0.0,0.0,0.0
5521573.0,artificial_intelligence,1.0,1.0,,1.0,0.0,1.0,1.0,0.0,0.0,0.0
5521573.0,virus,1.0,1.0,0.0,,0.0,1.0,1.0,1.0,0.0,0.0
5521573.0,rock,1.0,1.0,1.0,1.0,,1.0,1.0,0.0,1.0,1.0
5521573.0,robot,1.0,1.0,0.0,0.0,0.0,,1.0,0.0,1.0,0.0
5521573.0,chimpanzee,0.0,1.0,0.0,0.0,0.0,0.0,,0.0,0.0,0.0
5521573.0,god,1.0,1.0,1.0,0.0,1.0,1.0,1.0,,0.0,0.0
5521573.0,autonomous_car,1.0,1.0,1.0,1.0,0.0,0.0,1.0,1.0,,0.0
5521573.0,computer,1.0,1.0,1.0,1.0,0.0,1.0,1.0,1.0,1.0,
5521577.0,jelly_fish,,1.0,1.0,1.0,1.0,1.0,1.0,1.0,1.0,1.0
5521577.0,human,0.0,,0.0,0.0,0.0,0.0,0.0,0.0,1.0,1.0
5521577.0,artificial_intelligence,0.0,1.0,,0.0,0.0,0.0,0.0,0.0,0.0,1.0
5521577.0,virus,0.0,1.0,1.0,,0.0,1.0,0.0,0.0,1.0,1.0
5521577.0,rock,0.0,1.0,1.0,1.0,,1.0,0.0,0.0,1.0,1.0
5521577.0,robot,0.0,1.0,1.0,0.0,0.0,,0.0,0.0,1.0,1.0
5521577.0,chimpanzee,0.0,1.0,1.0,1.0,1.0,1.0,,0.0,1.0,1.0
5521577.0,god,0.0,1.0,1.0,1.0,1.0,1.0,1.0,,1.0,1.0
5521577.0,autonomous_car,0.0,0.0,1.0,0.0,0.0,0.0,0.0,0.0,,0.0
5521577.0,computer,0.0,0.0,0.0,0.0,0.0,0.0,0.0,0.0,1.0,
5521582.0,jelly_fish,,1.0,1.0,1.0,1.0,1.0,1.0,1.0,1.0,1.0
5521582.0,human,0.0,,0.0,0.0,0.0,0.0,0.0,1.0,0.0,1.0
5521582.0,artificial_intelligence,0.0,1.0,,0.0,0.0,0.0,0.0,1.0,0.0,0.0
5521582.0,virus,0.0,1.0,1.0,,0.0,1.0,0.0,1.0,0.0,1.0
5521582.0,rock,0.0,1.0,1.0,1.0,,1.0,1.0,1.0,1.0,1.0
5521582.0,robot,0.0,1.0,1.0,0.0,0.0,,0.0,1.0,1.0,0.0
5521582.0,chimpanzee,0.0,1.0,1.0,1.0,0.0,1.0,,1.0,1.0,1.0
5521582.0,god,0.0,0.0,0.0,0.0,0.0,0.0,0.0,,0.0,0.0
5521582.0,autonomous_car,0.0,1.0,1.0,1.0,0.0,0.0,0.0,1.0,,1.0
5521582.0,computer,0.0,0.0,1.0,0.0,0.0,1.0,0.0,1.0,0.0,
5521587.0,jelly_fish,,1.0,1.0,0.0,0.0,1.0,1.0,1.0,1.0,1.0
5521587.0,human,0.0,,1.0,0.0,0.0,1.0,0.0,1.0,1.0,1.0
5521587.0,artificial_intelligence,0.0,0.0,,0.0,0.0,0.0,0.0,0.0,0.0,1.0
5521587.0,virus,1.0,1.0,1.0,,0.0,1.0,1.0,1.0,1.0,1.0
5521587.0,rock,1.0,1.0,1.0,1.0,,1.0,1.0,1.0,1.0,1.0
5521587.0,robot,0.0,0.0,1.0,0.0,0.0,,0.0,0.0,1.0,0.0
5521587.0,chimpanzee,0.0,1.0,1.0,0.0,0.0,1.0,,1.0,1.0,1.0
5521587.0,god,0.0,0.0,1.0,0.0,0.0,1.0,0.0,,1.0,1.0
5521587.0,autonomous_car,0.0,0.0,1.0,0.0,0.0,0.0,0.0,0.0,,0.0
5521587.0,computer,0.0,0.0,0.0,0.0,0.0,1.0,0.0,0.0,1.0,
5521584.0,jelly_fish,,1.0,1.0,1.0,1.0,1.0,1.0,1.0,1.0,1.0
5521584.0,human,0.0,,1.0,1.0,1.0,1.0,0.0,1.0,1.0,1.0
5521584.0,artificial_intelligence,0.0,0.0,,0.0,0.0,0.0,0.0,0.0,0.0,0.0
5521584.0,virus,0.0,0.0,1.0,,1.0,0.0,0.0,1.0,1.0,1.0
5521584.0,rock,0.0,0.0,1.0,0.0,,1.0,0.0,0.0,1.0,1.0
5521584.0,robot,0.0,0.0,1.0,1.0,0.0,,0.0,0.0,0.0,1.0
5521584.0,chimpanzee,0.0,1.0,1.0,1.0,1.0,1.0,,1.0,1.0,1.0
5521584.0,god,0.0,0.0,1.0,0.0,1.0,1.0,0.0,,1.0,1.0
5521584.0,autonomous_car,0.0,0.0,1.0,0.0,0.0,1.0,0.0,0.0,,1.0
5521584.0,computer,0.0,0.0,1.0,0.0,0.0,0.0,0.0,0.0,0.0,
5521592.0,jelly_fish,,1.0,0.0,0.0,0.0,0.0,1.0,1.0,0.0,0.0
5521592.0,human,0.0,,0.0,0.0,0.0,0.0,0.0,1.0,0.0,0.0
5521592.0,artificial_intelligence,1.0,1.0,,0.0,0.0,1.0,1.0,1.0,1.0,0.0
5521592.0,virus,1.0,1.0,1.0,,0.0,1.0,1.0,1.0,1.0,0.0
5521592.0,rock,1.0,1.0,1.0,1.0,,1.0,1.0,1.0,1.0,1.0
5521592.0,robot,1.0,1.0,0.0,0.0,0.0,,1.0,1.0,1.0,0.0
5521592.0,chimpanzee,0.0,1.0,0.0,0.0,0.0,0.0,,1.0,0.0,0.0
5521592.0,god,0.0,0.0,0.0,0.0,0.0,0.0,0.0,,0.0,0.0
5521592.0,autonomous_car,1.0,1.0,0.0,0.0,0.0,0.0,1.0,1.0,,0.0
5521592.0,computer,1.0,1.0,1.0,1.0,0.0,1.0,1.0,1.0,1.0,
5521591.0,jelly_fish,,1.0,0.0,0.0,0.0,0.0,1.0,1.0,0.0,0.0
5521591.0,human,0.0,,0.0,0.0,0.0,0.0,0.0,0.0,0.0,0.0
5521591.0,artificial_intelligence,1.0,1.0,,1.0,0.0,0.0,1.0,1.0,0.0,0.0
5521591.0,virus,1.0,1.0,0.0,,0.0,0.0,1.0,0.0,0.0,0.0
5521591.0,rock,1.0,1.0,1.0,1.0,,1.0,1.0,1.0,1.0,1.0
5521591.0,robot,1.0,1.0,1.0,1.0,0.0,,1.0,1.0,0.0,0.0
5521591.0,chimpanzee,0.0,1.0,0.0,0.0,0.0,0.0,,1.0,0.0,0.0
5521591.0,god,0.0,1.0,0.0,1.0,0.0,0.0,0.0,,0.0,0.0
5521591.0,autonomous_car,1.0,1.0,1.0,1.0,0.0,1.0,1.0,1.0,,1.0
5521591.0,computer,1.0,1.0,1.0,1.0,0.0,1.0,1.0,1.0,0.0,
5521597.0,jelly_fish,,1.0,0.0,0.0,0.0,1.0,1.0,1.0,1.0,0.0
5521597.0,human,0.0,,0.0,1.0,0.0,0.0,0.0,0.0,0.0,0.0
5521597.0,artificial_intelligence,1.0,1.0,,1.0,0.0,1.0,1.0,1.0,0.0,0.0
5521597.0,virus,1.0,0.0,0.0,,0.0,0.0,1.0,1.0,0.0,0.0
5521597.0,rock,1.0,1.0,1.0,1.0,,1.0,1.0,1.0,1.0,1.0
5521597.0,robot,0.0,1.0,0.0,1.0,0.0,,1.0,1.0,1.0,1.0
5521597.0,chimpanzee,0.0,1.0,0.0,0.0,0.0,0.0,,1.0,1.0,0.0
5521597.0,god,0.0,1.0,0.0,0.0,0.0,0.0,0.0,,0.0,0.0
5521597.0,autonomous_car,0.0,1.0,1.0,1.0,0.0,0.0,0.0,1.0,,0.0
5521597.0,computer,1.0,1.0,1.0,1.0,0.0,0.0,1.0,1.0,1.0,
5521601.0,jelly_fish,,1.0,1.0,1.0,0.0,1.0,1.0,1.0,1.0,1.0
5521601.0,human,0.0,,1.0,0.0,0.0,0.0,0.0,0.0,0.0,0.0
5521601.0,artificial_intelligence,0.0,0.0,,0.0,0.0,0.0,0.0,0.0,0.0,0.0
5521601.0,virus,0.0,1.0,1.0,,0.0,1.0,1.0,1.0,1.0,1.0
5521601.0,rock,1.0,1.0,1.0,1.0,,1.0,1.0,1.0,1.0,1.0
5521601.0,robot,0.0,1.0,1.0,0.0,0.0,,0.0,0.0,1.0,1.0
5521601.0,chimpanzee,0.0,1.0,1.0,0.0,0.0,1.0,,1.0,1.0,1.0
5521601.0,god,0.0,1.0,1.0,0.0,0.0,1.0,0.0,,1.0,0.0
5521601.0,autonomous_car,0.0,1.0,1.0,0.0,0.0,0.0,0.0,0.0,,0.0
5521601.0,computer,0.0,1.0,1.0,0.0,0.0,0.0,0.0,1.0,1.0,
5521600.0,jelly_fish,,1.0,0.0,0.0,0.0,0.0,1.0,1.0,0.0,0.0
5521600.0,human,0.0,,0.0,0.0,0.0,0.0,0.0,0.0,0.0,0.0
5521600.0,artificial_intelligence,1.0,1.0,,0.0,0.0,0.0,0.0,0.0,1.0,1.0
5521600.0,virus,1.0,1.0,1.0,,0.0,1.0,1.0,1.0,1.0,0.0
5521600.0,rock,1.0,1.0,1.0,1.0,,1.0,1.0,1.0,1.0,1.0
5521600.0,robot,1.0,1.0,1.0,0.0,0.0,,1.0,1.0,1.0,1.0
5521600.0,chimpanzee,0.0,1.0,1.0,0.0,0.0,0.0,,1.0,0.0,0.0
5521600.0,god,0.0,1.0,1.0,0.0,0.0,0.0,0.0,,1.0,0.0
5521600.0,autonomous_car,1.0,1.0,0.0,0.0,0.0,0.0,1.0,0.0,,1.0
5521600.0,computer,1.0,1.0,0.0,1.0,0.0,0.0,1.0,1.0,0.0,
5521608.0,jelly_fish,,1.0,1.0,1.0,0.0,0.0,1.0,1.0,0.0,0.0
5521608.0,human,0.0,,0.0,0.0,0.0,0.0,0.0,0.0,0.0,0.0
5521608.0,artificial_intelligence,0.0,1.0,,0.0,0.0,0.0,1.0,1.0,0.0,0.0
5521608.0,virus,0.0,1.0,1.0,,0.0,0.0,1.0,1.0,0.0,0.0
5521608.0,rock,1.0,1.0,1.0,1.0,,1.0,1.0,1.0,1.0,1.0
5521608.0,robot,1.0,1.0,1.0,1.0,0.0,,1.0,1.0,1.0,0.0
5521608.0,chimpanzee,0.0,1.0,0.0,0.0,0.0,0.0,,1.0,0.0,0.0
5521608.0,god,0.0,1.0,0.0,0.0,0.0,0.0,0.0,,0.0,0.0
5521608.0,autonomous_car,1.0,1.0,1.0,1.0,0.0,0.0,1.0,1.0,,1.0
5521608.0,computer,1.0,1.0,1.0,1.0,0.0,1.0,1.0,1.0,0.0,
5521604.0,jelly_fish,,1.0,1.0,1.0,0.0,1.0,0.0,0.0,1.0,1.0
5521604.0,human,0.0,,0.0,1.0,0.0,0.0,0.0,0.0,0.0,0.0
5521604.0,artificial_intelligence,0.0,1.0,,1.0,0.0,1.0,1.0,0.0,1.0,1.0
5521604.0,virus,0.0,0.0,0.0,,0.0,0.0,0.0,0.0,0.0,0.0
5521604.0,rock,1.0,1.0,1.0,1.0,,1.0,1.0,1.0,1.0,1.0
5521604.0,robot,0.0,1.0,0.0,1.0,0.0,,0.0,0.0,1.0,0.0
5521604.0,chimpanzee,1.0,1.0,0.0,1.0,0.0,1.0,,0.0,1.0,0.0
5521604.0,god,1.0,1.0,1.0,1.0,0.0,1.0,1.0,,1.0,1.0
5521604.0,autonomous_car,0.0,1.0,0.0,1.0,0.0,0.0,0.0,0.0,,0.0
5521604.0,computer,0.0,1.0,0.0,1.0,0.0,1.0,1.0,0.0,1.0,
5521605.0,jelly_fish,,1.0,1.0,0.0,0.0,0.0,1.0,1.0,1.0,1.0
5521605.0,human,0.0,,0.0,0.0,0.0,0.0,0.0,0.0,0.0,0.0
5521605.0,artificial_intelligence,0.0,1.0,,0.0,0.0,1.0,0.0,1.0,1.0,1.0
5521605.0,virus,1.0,1.0,1.0,,1.0,1.0,1.0,1.0,1.0,1.0
5521605.0,rock,1.0,1.0,1.0,0.0,,1.0,1.0,1.0,1.0,1.0
5521605.0,robot,1.0,1.0,0.0,0.0,0.0,,0.0,1.0,0.0,1.0
5521605.0,chimpanzee,0.0,1.0,1.0,0.0,0.0,1.0,,1.0,1.0,1.0
5521605.0,god,0.0,1.0,0.0,0.0,0.0,0.0,0.0,,0.0,0.0
5521605.0,autonomous_car,0.0,1.0,0.0,0.0,0.0,1.0,0.0,1.0,,1.0
5521605.0,computer,0.0,1.0,0.0,0.0,0.0,0.0,0.0,1.0,0.0,
5521606.0,jelly_fish,,1.0,0.0,0.0,0.0,0.0,1.0,1.0,0.0,0.0
5521606.0,human,0.0,,0.0,0.0,0.0,0.0,0.0,1.0,0.0,0.0
5521606.0,artificial_intelligence,1.0,1.0,,1.0,0.0,0.0,1.0,1.0,0.0,0.0
5521606.0,virus,1.0,1.0,0.0,,0.0,0.0,1.0,1.0,0.0,0.0
5521606.0,rock,1.0,1.0,1.0,1.0,,1.0,1.0,1.0,1.0,1.0
5521606.0,robot,1.0,1.0,1.0,1.0,0.0,,1.0,1.0,0.0,0.0
5521606.0,chimpanzee,0.0,1.0,0.0,0.0,0.0,0.0,,1.0,0.0,0.0
5521606.0,god,0.0,0.0,0.0,0.0,0.0,0.0,0.0,,0.0,0.0
5521606.0,autonomous_car,1.0,1.0,1.0,1.0,0.0,1.0,1.0,1.0,,1.0
5521606.0,computer,1.0,1.0,1.0,1.0,0.0,1.0,1.0,1.0,0.0,
5521618.0,jelly_fish,,1.0,0.0,0.0,0.0,0.0,1.0,1.0,0.0,0.0
5521618.0,human,0.0,,0.0,0.0,0.0,0.0,1.0,1.0,0.0,0.0
5521618.0,artificial_intelligence,1.0,1.0,,0.0,0.0,0.0,1.0,1.0,1.0,0.0
5521618.0,virus,1.0,1.0,1.0,,0.0,0.0,1.0,1.0,1.0,0.0
5521618.0,rock,1.0,1.0,1.0,1.0,,1.0,1.0,1.0,1.0,1.0
5521618.0,robot,1.0,1.0,1.0,1.0,0.0,,1.0,1.0,1.0,1.0
5521618.0,chimpanzee,0.0,0.0,0.0,0.0,0.0,0.0,,1.0,0.0,0.0
5521618.0,god,0.0,0.0,0.0,0.0,0.0,0.0,0.0,,0.0,0.0
5521618.0,autonomous_car,1.0,1.0,0.0,0.0,0.0,0.0,1.0,1.0,,0.0
5521618.0,computer,1.0,1.0,1.0,1.0,0.0,0.0,1.0,1.0,1.0,
5521596.0,jelly_fish,,1.0,1.0,1.0,0.0,1.0,1.0,0.0,1.0,1.0
5521596.0,human,0.0,,0.0,0.0,0.0,0.0,0.0,0.0,0.0,0.0
5521596.0,artificial_intelligence,0.0,1.0,,0.0,0.0,0.0,0.0,0.0,0.0,0.0
5521596.0,virus,0.0,1.0,1.0,,0.0,1.0,1.0,1.0,1.0,0.0
5521596.0,rock,1.0,1.0,1.0,1.0,,1.0,1.0,1.0,1.0,1.0
5521596.0,robot,0.0,1.0,1.0,0.0,0.0,,1.0,0.0,1.0,0.0
5521596.0,chimpanzee,0.0,1.0,1.0,0.0,0.0,0.0,,0.0,0.0,0.0
5521596.0,god,1.0,1.0,1.0,0.0,0.0,1.0,1.0,,0.0,0.0
5521596.0,autonomous_car,0.0,1.0,1.0,0.0,0.0,0.0,1.0,1.0,,1.0
5521596.0,computer,0.0,1.0,1.0,1.0,0.0,1.0,1.0,1.0,0.0,
5521617.0,jelly_fish,,1.0,0.0,0.0,0.0,0.0,1.0,0.0,0.0,0.0
5521617.0,human,0.0,,0.0,0.0,0.0,0.0,0.0,0.0,0.0,0.0
5521617.0,artificial_intelligence,1.0,1.0,,1.0,0.0,0.0,1.0,1.0,0.0,0.0
5521617.0,virus,1.0,1.0,0.0,,0.0,0.0,1.0,0.0,0.0,0.0
5521617.0,rock,1.0,1.0,1.0,1.0,,1.0,1.0,1.0,1.0,1.0
5521617.0,robot,1.0,1.0,1.0,1.0,0.0,,1.0,1.0,1.0,0.0
5521617.0,chimpanzee,0.0,1.0,0.0,0.0,0.0,0.0,,0.0,0.0,0.0
5521617.0,god,1.0,1.0,0.0,1.0,0.0,0.0,1.0,,0.0,0.0
5521617.0,autonomous_car,1.0,1.0,1.0,1.0,0.0,0.0,1.0,1.0,,0.0
5521617.0,computer,1.0,1.0,1.0,1.0,0.0,1.0,1.0,1.0,1.0,
5521624.0,jelly_fish,,1.0,1.0,1.0,0.0,0.0,0.0,1.0,0.0,0.0
5521624.0,human,0.0,,1.0,0.0,0.0,1.0,0.0,1.0,0.0,0.0
5521624.0,artificial_intelligence,0.0,0.0,,1.0,0.0,0.0,0.0,0.0,0.0,0.0
5521624.0,virus,0.0,1.0,0.0,,0.0,0.0,0.0,1.0,0.0,0.0
5521624.0,rock,1.0,1.0,1.0,1.0,,0.0,1.0,1.0,0.0,0.0
5521624.0,robot,1.0,0.0,1.0,1.0,1.0,,1.0,1.0,0.0,1.0
5521624.0,chimpanzee,1.0,1.0,1.0,1.0,0.0,0.0,,1.0,0.0,1.0
5521624.0,god,0.0,0.0,1.0,0.0,0.0,0.0,0.0,,0.0,0.0
5521624.0,autonomous_car,1.0,1.0,1.0,1.0,1.0,1.0,1.0,1.0,,1.0
5521624.0,computer,1.0,1.0,1.0,1.0,1.0,0.0,0.0,1.0,0.0,
5521623.0,jelly_fish,,1.0,1.0,1.0,1.0,1.0,1.0,1.0,1.0,1.0
5521623.0,human,0.0,,0.0,0.0,0.0,0.0,0.0,0.0,0.0,0.0
5521623.0,artificial_intelligence,0.0,1.0,,0.0,0.0,0.0,0.0,0.0,0.0,0.0
5521623.0,virus,0.0,1.0,1.0,,0.0,1.0,0.0,1.0,1.0,0.0
5521623.0,rock,0.0,1.0,1.0,1.0,,1.0,1.0,1.0,1.0,1.0
5521623.0,robot,0.0,1.0,1.0,0.0,0.0,,0.0,1.0,0.0,0.0
5521623.0,chimpanzee,0.0,1.0,1.0,1.0,0.0,1.0,,1.0,1.0,1.0
5521623.0,god,0.0,1.0,1.0,0.0,0.0,0.0,0.0,,1.0,1.0
5521623.0,autonomous_car,0.0,1.0,1.0,0.0,0.0,1.0,0.0,0.0,,1.0
5521623.0,computer,0.0,1.0,1.0,1.0,0.0,1.0,0.0,0.0,0.0,
5521630.0,jelly_fish,,1.0,1.0,1.0,1.0,1.0,1.0,1.0,1.0,1.0
5521630.0,human,0.0,,0.0,0.0,0.0,0.0,0.0,0.0,1.0,0.0
5521630.0,artificial_intelligence,0.0,1.0,,0.0,0.0,0.0,0.0,1.0,1.0,1.0
5521630.0,virus,0.0,1.0,1.0,,0.0,1.0,1.0,1.0,1.0,1.0
5521630.0,rock,0.0,1.0,1.0,1.0,,1.0,1.0,1.0,1.0,1.0
5521630.0,robot,0.0,1.0,1.0,0.0,0.0,,0.0,1.0,1.0,1.0
5521630.0,chimpanzee,0.0,1.0,1.0,0.0,0.0,1.0,,1.0,1.0,1.0
5521630.0,god,0.0,1.0,0.0,0.0,0.0,0.0,0.0,,1.0,1.0
5521630.0,autonomous_car,0.0,0.0,0.0,0.0,0.0,0.0,0.0,0.0,,0.0
5521630.0,computer,0.0,1.0,0.0,0.0,0.0,0.0,0.0,0.0,1.0,
5521583.0,jelly_fish,,1.0,1.0,1.0,0.0,0.0,0.0,0.0,1.0,1.0
5521583.0,human,0.0,,0.0,0.0,0.0,0.0,0.0,0.0,0.0,0.0
5521583.0,artificial_intelligence,0.0,1.0,,0.0,0.0,0.0,0.0,0.0,0.0,0.0
5521583.0,virus,0.0,1.0,1.0,,0.0,0.0,0.0,0.0,0.0,1.0
5521583.0,rock,1.0,1.0,1.0,1.0,,1.0,1.0,1.0,1.0,1.0
5521583.0,robot,1.0,1.0,1.0,1.0,0.0,,0.0,0.0,0.0,1.0
5521583.0,chimpanzee,1.0,1.0,1.0,1.0,0.0,1.0,,0.0,1.0,1.0
5521583.0,god,1.0,1.0,1.0,1.0,0.0,1.0,1.0,,1.0,1.0
5521583.0,autonomous_car,0.0,1.0,1.0,1.0,0.0,1.0,0.0,0.0,,1.0
5521583.0,computer,0.0,1.0,1.0,0.0,0.0,0.0,0.0,0.0,0.0,
5521635.0,jelly_fish,,1.0,1.0,1.0,0.0,1.0,1.0,1.0,1.0,1.0
5521635.0,human,0.0,,0.0,0.0,0.0,0.0,1.0,0.0,0.0,0.0
5521635.0,artificial_intelligence,0.0,1.0,,1.0,0.0,0.0,0.0,1.0,0.0,0.0
5521635.0,virus,0.0,1.0,0.0,,0.0,0.0,0.0,0.0,0.0,0.0
5521635.0,rock,1.0,1.0,1.0,1.0,,1.0,1.0,1.0,1.0,1.0
5521635.0,robot,0.0,1.0,1.0,1.0,0.0,,0.0,1.0,0.0,0.0
5521635.0,chimpanzee,0.0,0.0,1.0,1.0,0.0,1.0,,1.0,1.0,1.0
5521635.0,god,0.0,1.0,0.0,1.0,0.0,0.0,0.0,,0.0,0.0
5521635.0,autonomous_car,0.0,1.0,1.0,1.0,0.0,1.0,0.0,1.0,,1.0
5521635.0,computer,0.0,1.0,1.0,1.0,0.0,1.0,0.0,1.0,0.0,
5521602.0,jelly_fish,,1.0,1.0,1.0,0.0,1.0,1.0,1.0,1.0,1.0
5521602.0,human,0.0,,0.0,0.0,0.0,0.0,0.0,0.0,0.0,0.0
5521602.0,artificial_intelligence,0.0,1.0,,0.0,0.0,1.0,0.0,0.0,0.0,0.0
5521602.0,virus,0.0,1.0,1.0,,0.0,1.0,0.0,1.0,1.0,1.0
5521602.0,rock,1.0,1.0,1.0,1.0,,1.0,1.0,0.0,1.0,1.0
5521602.0,robot,0.0,1.0,0.0,0.0,0.0,,0.0,0.0,0.0,0.0
5521602.0,chimpanzee,0.0,1.0,1.0,1.0,0.0,1.0,,0.0,1.0,1.0
5521602.0,god,0.0,1.0,1.0,0.0,1.0,1.0,1.0,,1.0,1.0
5521602.0,autonomous_car,0.0,1.0,1.0,0.0,0.0,1.0,0.0,0.0,,0.0
5521602.0,computer,0.0,1.0,1.0,0.0,0.0,1.0,0.0,0.0,1.0,
5521621.0,jelly_fish,,1.0,0.0,0.0,0.0,0.0,1.0,0.0,0.0,0.0
5521621.0,human,0.0,,0.0,0.0,0.0,0.0,0.0,0.0,0.0,0.0
5521621.0,artificial_intelligence,1.0,1.0,,0.0,0.0,0.0,1.0,0.0,0.0,0.0
5521621.0,virus,1.0,1.0,1.0,,0.0,0.0,1.0,0.0,0.0,0.0
5521621.0,rock,1.0,1.0,1.0,1.0,,1.0,1.0,0.0,1.0,1.0
5521621.0,robot,1.0,1.0,1.0,1.0,0.0,,1.0,0.0,0.0,0.0
5521621.0,chimpanzee,0.0,1.0,0.0,0.0,0.0,0.0,,0.0,0.0,0.0
5521621.0,god,1.0,1.0,1.0,1.0,1.0,1.0,1.0,,1.0,1.0
5521621.0,autonomous_car,1.0,1.0,1.0,1.0,0.0,1.0,1.0,0.0,,1.0
5521621.0,computer,1.0,1.0,1.0,1.0,0.0,1.0,1.0,0.0,0.0,
5521610.0,jelly_fish,,1.0,1.0,1.0,1.0,1.0,1.0,1.0,1.0,1.0
5521610.0,human,0.0,,0.0,1.0,0.0,0.0,0.0,0.0,0.0,0.0
5521610.0,artificial_intelligence,0.0,1.0,,1.0,0.0,0.0,0.0,0.0,0.0,0.0
5521610.0,virus,0.0,0.0,0.0,,0.0,0.0,0.0,0.0,1.0,1.0
5521610.0,rock,0.0,1.0,1.0,1.0,,1.0,0.0,1.0,1.0,1.0
5521610.0,robot,0.0,1.0,1.0,1.0,0.0,,0.0,0.0,0.0,1.0
5521610.0,chimpanzee,0.0,1.0,1.0,1.0,1.0,1.0,,1.0,1.0,1.0
5521610.0,god,0.0,1.0,1.0,1.0,0.0,1.0,0.0,,0.0,1.0
5521610.0,autonomous_car,0.0,1.0,1.0,0.0,0.0,1.0,0.0,1.0,,1.0
5521610.0,computer,0.0,1.0,1.0,0.0,0.0,0.0,0.0,0.0,0.0,
5521593.0,jelly_fish,,1.0,1.0,1.0,0.0,1.0,1.0,1.0,1.0,1.0
5521593.0,human,0.0,,1.0,0.0,0.0,0.0,0.0,0.0,0.0,1.0
5521593.0,artificial_intelligence,0.0,0.0,,0.0,0.0,0.0,0.0,0.0,0.0,1.0
5521593.0,virus,0.0,1.0,1.0,,0.0,1.0,0.0,0.0,1.0,1.0
5521593.0,rock,1.0,1.0,1.0,1.0,,1.0,1.0,1.0,1.0,1.0
5521593.0,robot,0.0,1.0,1.0,0.0,0.0,,0.0,0.0,0.0,1.0
5521593.0,chimpanzee,0.0,1.0,1.0,1.0,0.0,1.0,,0.0,1.0,1.0
5521593.0,god,0.0,1.0,1.0,1.0,0.0,1.0,1.0,,1.0,1.0
5521593.0,autonomous_car,0.0,1.0,1.0,0.0,0.0,1.0,0.0,0.0,,1.0
5521593.0,computer,0.0,0.0,0.0,0.0,0.0,0.0,0.0,0.0,0.0,
5522038.0,jelly_fish,,1.0,1.0,0.0,0.0,1.0,1.0,0.0,1.0,1.0
5522038.0,human,0.0,,0.0,0.0,0.0,0.0,0.0,0.0,0.0,0.0
5522038.0,artificial_intelligence,0.0,1.0,,0.0,0.0,1.0,1.0,0.0,0.0,0.0
5522038.0,virus,1.0,1.0,1.0,,0.0,1.0,1.0,0.0,1.0,1.0
5522038.0,rock,1.0,1.0,1.0,1.0,,1.0,1.0,0.0,1.0,1.0
5522038.0,robot,0.0,1.0,0.0,0.0,0.0,,1.0,0.0,1.0,0.0
5522038.0,chimpanzee,0.0,1.0,0.0,0.0,0.0,0.0,,0.0,0.0,1.0
5522038.0,god,1.0,1.0,1.0,1.0,1.0,1.0,1.0,,1.0,1.0
5522038.0,autonomous_car,0.0,1.0,1.0,0.0,0.0,0.0,1.0,0.0,,0.0
5522038.0,computer,0.0,1.0,1.0,0.0,0.0,1.0,0.0,0.0,1.0,
5522048.0,jelly_fish,,1.0,1.0,1.0,1.0,1.0,1.0,1.0,1.0,1.0
5522048.0,human,0.0,,0.0,1.0,0.0,0.0,1.0,0.0,0.0,1.0
5522048.0,artificial_intelligence,0.0,1.0,,1.0,0.0,1.0,1.0,1.0,0.0,0.0
5522048.0,virus,0.0,0.0,0.0,,0.0,0.0,1.0,1.0,1.0,0.0
5522048.0,rock,0.0,1.0,1.0,1.0,,1.0,1.0,1.0,1.0,1.0
5522048.0,robot,0.0,1.0,0.0,1.0,0.0,,1.0,1.0,0.0,1.0
5522048.0,chimpanzee,0.0,0.0,0.0,0.0,0.0,0.0,,1.0,1.0,1.0
5522048.0,god,0.0,1.0,0.0,0.0,0.0,0.0,0.0,,0.0,0.0
5522048.0,autonomous_car,0.0,1.0,1.0,0.0,0.0,1.0,0.0,1.0,,1.0
5522048.0,computer,0.0,0.0,1.0,1.0,0.0,0.0,0.0,1.0,0.0,
5522396.0,jelly_fish,,1.0,0.0,0.0,0.0,0.0,1.0,0.0,0.0,0.0
5522396.0,human,0.0,,0.0,0.0,0.0,0.0,0.0,0.0,0.0,0.0
5522396.0,artificial_intelligence,1.0,1.0,,0.0,0.0,0.0,1.0,1.0,0.0,0.0
5522396.0,virus,1.0,1.0,1.0,,0.0,0.0,1.0,1.0,0.0,0.0
5522396.0,rock,1.0,1.0,1.0,1.0,,1.0,1.0,1.0,1.0,1.0
5522396.0,robot,1.0,1.0,1.0,1.0,0.0,,1.0,1.0,1.0,1.0
5522396.0,chimpanzee,0.0,1.0,0.0,0.0,0.0,0.0,,1.0,0.0,0.0
5522396.0,god,1.0,1.0,0.0,0.0,0.0,0.0,0.0,,0.0,0.0
5522396.0,autonomous_car,1.0,1.0,1.0,1.0,0.0,0.0,1.0,1.0,,1.0
5522396.0,computer,1.0,1.0,1.0,1.0,0.0,0.0,1.0,1.0,0.0,
5522400.0,jelly_fish,,1.0,1.0,1.0,0.0,1.0,1.0,1.0,0.0,1.0
5522400.0,human,0.0,,0.0,1.0,0.0,0.0,0.0,0.0,0.0,0.0
5522400.0,artificial_intelligence,0.0,1.0,,1.0,0.0,0.0,1.0,0.0,1.0,0.0
5522400.0,virus,0.0,0.0,0.0,,0.0,0.0,1.0,1.0,0.0,1.0
5522400.0,rock,1.0,1.0,1.0,1.0,,1.0,1.0,1.0,1.0,1.0
5522400.0,robot,0.0,1.0,1.0,1.0,0.0,,0.0,1.0,1.0,1.0
5522400.0,chimpanzee,0.0,1.0,0.0,0.0,0.0,1.0,,0.0,0.0,0.0
5522400.0,god,0.0,1.0,1.0,0.0,0.0,0.0,1.0,,1.0,1.0
5522400.0,autonomous_car,1.0,1.0,0.0,1.0,0.0,0.0,1.0,0.0,,0.0
5522400.0,computer,0.0,1.0,1.0,0.0,0.0,0.0,1.0,0.0,1.0,
5569500.0,jelly_fish,,1.0,1.0,1.0,0.0,1.0,1.0,1.0,1.0,1.0
5569500.0,human,0.0,,1.0,0.0,0.0,0.0,0.0,1.0,0.0,0.0
5569500.0,artificial_intelligence,0.0,0.0,,0.0,0.0,0.0,0.0,1.0,0.0,0.0
5569500.0,virus,0.0,1.0,1.0,,0.0,1.0,1.0,1.0,0.0,1.0
5569500.0,rock,1.0,1.0,1.0,1.0,,1.0,0.0,1.0,1.0,1.0
5569500.0,robot,0.0,1.0,1.0,0.0,0.0,,0.0,1.0,1.0,0.0
5569500.0,chimpanzee,0.0,1.0,1.0,0.0,1.0,1.0,,1.0,1.0,1.0
5569500.0,god,0.0,0.0,0.0,0.0,0.0,0.0,0.0,,0.0,0.0
5569500.0,autonomous_car,0.0,1.0,1.0,1.0,0.0,0.0,0.0,1.0,,0.0
5569500.0,computer,0.0,1.0,1.0,0.0,0.0,1.0,0.0,1.0,1.0,
5569503.0,jelly_fish,,1.0,1.0,1.0,1.0,1.0,1.0,1.0,1.0,1.0
5569503.0,human,0.0,,0.0,0.0,0.0,0.0,0.0,0.0,0.0,1.0
5569503.0,artificial_intelligence,0.0,1.0,,1.0,0.0,0.0,0.0,1.0,1.0,0.0
5569503.0,virus,0.0,1.0,0.0,,0.0,1.0,0.0,1.0,0.0,1.0
5569503.0,rock,0.0,1.0,1.0,1.0,,1.0,0.0,0.0,1.0,1.0
5569503.0,robot,0.0,1.0,1.0,0.0,0.0,,0.0,0.0,0.0,1.0
5569503.0,chimpanzee,0.0,1.0,1.0,1.0,1.0,1.0,,1.0,1.0,1.0
5569503.0,god,0.0,1.0,0.0,0.0,1.0,1.0,0.0,,1.0,1.0
5569503.0,autonomous_car,0.0,1.0,0.0,1.0,0.0,1.0,0.0,0.0,,1.0
5569503.0,computer,0.0,0.0,1.0,0.0,0.0,0.0,0.0,0.0,0.0,
5569507.0,jelly_fish,,1.0,1.0,1.0,0.0,1.0,1.0,1.0,1.0,1.0
5569507.0,human,0.0,,1.0,0.0,0.0,0.0,0.0,1.0,0.0,0.0
5569507.0,artificial_intelligence,0.0,0.0,,0.0,0.0,0.0,0.0,1.0,0.0,0.0
5569507.0,virus,0.0,1.0,1.0,,0.0,1.0,1.0,1.0,0.0,1.0
5569507.0,rock,1.0,1.0,1.0,1.0,,1.0,1.0,1.0,1.0,1.0
5569507.0,robot,0.0,1.0,1.0,0.0,0.0,,0.0,1.0,1.0,1.0
5569507.0,chimpanzee,0.0,1.0,1.0,0.0,0.0,1.0,,0.0,0.0,0.0
5569507.0,god,0.0,0.0,0.0,0.0,0.0,0.0,1.0,,0.0,0.0
5569507.0,autonomous_car,0.0,1.0,1.0,1.0,0.0,0.0,1.0,1.0,,0.0
5569507.0,computer,0.0,1.0,1.0,0.0,0.0,0.0,1.0,1.0,1.0,
5569508.0,jelly_fish,,1.0,1.0,1.0,1.0,1.0,1.0,1.0,1.0,1.0
5569508.0,human,0.0,,1.0,0.0,0.0,1.0,0.0,1.0,1.0,1.0
5569508.0,artificial_intelligence,0.0,0.0,,0.0,0.0,0.0,0.0,0.0,0.0,0.0
5569508.0,virus,0.0,1.0,1.0,,0.0,1.0,0.0,1.0,1.0,1.0
5569508.0,rock,0.0,1.0,1.0,1.0,,1.0,1.0,1.0,1.0,1.0
5569508.0,robot,0.0,0.0,1.0,0.0,0.0,,0.0,1.0,1.0,0.0
5569508.0,chimpanzee,0.0,1.0,1.0,1.0,0.0,1.0,,1.0,1.0,1.0
5569508.0,god,0.0,0.0,1.0,0.0,0.0,0.0,0.0,,0.0,0.0
5569508.0,autonomous_car,0.0,0.0,1.0,0.0,0.0,0.0,0.0,1.0,,1.0
5569508.0,computer,0.0,0.0,1.0,0.0,0.0,1.0,0.0,1.0,0.0,
5569505.0,jelly_fish,,1.0,1.0,0.0,0.0,1.0,1.0,1.0,1.0,1.0
5569505.0,human,0.0,,1.0,0.0,0.0,0.0,0.0,0.0,0.0,0.0
5569505.0,artificial_intelligence,0.0,0.0,,0.0,0.0,0.0,0.0,0.0,0.0,0.0
5569505.0,virus,1.0,1.0,1.0,,0.0,1.0,1.0,1.0,1.0,1.0
5569505.0,rock,1.0,1.0,1.0,1.0,,1.0,1.0,1.0,1.0,1.0
5569505.0,robot,0.0,1.0,1.0,0.0,0.0,,0.0,1.0,0.0,0.0
5569505.0,chimpanzee,0.0,1.0,1.0,0.0,0.0,1.0,,1.0,1.0,1.0
5569505.0,god,0.0,1.0,1.0,0.0,0.0,0.0,0.0,,0.0,1.0
5569505.0,autonomous_car,0.0,1.0,1.0,0.0,0.0,1.0,0.0,1.0,,1.0
5569505.0,computer,0.0,1.0,1.0,0.0,0.0,1.0,0.0,0.0,0.0,
5569514.0,jelly_fish,,1.0,1.0,1.0,0.0,1.0,1.0,1.0,0.0,0.0
5569514.0,human,0.0,,0.0,0.0,0.0,0.0,0.0,1.0,0.0,0.0
5569514.0,artificial_intelligence,0.0,1.0,,0.0,0.0,0.0,0.0,1.0,0.0,0.0
5569514.0,virus,0.0,1.0,1.0,,0.0,1.0,1.0,1.0,1.0,1.0
5569514.0,rock,1.0,1.0,1.0,1.0,,1.0,1.0,1.0,1.0,1.0
5569514.0,robot,0.0,1.0,1.0,0.0,0.0,,0.0,1.0,0.0,1.0
5569514.0,chimpanzee,0.0,1.0,1.0,0.0,0.0,1.0,,1.0,0.0,0.0
5569514.0,god,0.0,0.0,0.0,0.0,0.0,0.0,0.0,,0.0,0.0
5569514.0,autonomous_car,1.0,1.0,1.0,0.0,0.0,1.0,1.0,1.0,,1.0
5569514.0,computer,1.0,1.0,1.0,0.0,0.0,0.0,1.0,1.0,0.0,
5569518.0,jelly_fish,,1.0,1.0,1.0,0.0,1.0,1.0,0.0,1.0,1.0
5569518.0,human,0.0,,0.0,0.0,0.0,0.0,0.0,1.0,0.0,0.0
5569518.0,artificial_intelligence,0.0,1.0,,0.0,0.0,0.0,0.0,1.0,0.0,0.0
5569518.0,virus,0.0,1.0,1.0,,0.0,0.0,1.0,0.0,0.0,0.0
5569518.0,rock,1.0,1.0,1.0,1.0,,1.0,1.0,0.0,1.0,1.0
5569518.0,robot,0.0,1.0,1.0,1.0,0.0,,0.0,1.0,0.0,0.0
5569518.0,chimpanzee,0.0,1.0,1.0,0.0,0.0,1.0,,0.0,0.0,1.0
5569518.0,god,1.0,0.0,0.0,1.0,1.0,0.0,1.0,,0.0,1.0
5569518.0,autonomous_car,0.0,1.0,1.0,1.0,0.0,1.0,1.0,1.0,,0.0
5569518.0,computer,0.0,1.0,1.0,1.0,0.0,1.0,0.0,0.0,1.0,
5569521.0,jelly_fish,,1.0,1.0,0.0,0.0,1.0,1.0,0.0,1.0,1.0
5569521.0,human,0.0,,0.0,0.0,0.0,0.0,0.0,0.0,0.0,0.0
5569521.0,artificial_intelligence,0.0,1.0,,1.0,1.0,0.0,1.0,0.0,1.0,0.0
5569521.0,virus,1.0,1.0,0.0,,0.0,1.0,1.0,0.0,1.0,0.0
5569521.0,rock,1.0,1.0,0.0,1.0,,1.0,1.0,0.0,1.0,1.0
5569521.0,robot,0.0,1.0,1.0,0.0,0.0,,1.0,0.0,0.0,0.0
5569521.0,chimpanzee,0.0,1.0,0.0,0.0,0.0,0.0,,0.0,1.0,0.0
5569521.0,god,1.0,1.0,1.0,1.0,1.0,1.0,1.0,,1.0,1.0
5569521.0,autonomous_car,0.0,1.0,0.0,0.0,0.0,1.0,0.0,0.0,,0.0
5569521.0,computer,0.0,1.0,1.0,1.0,0.0,1.0,1.0,0.0,1.0,
5569520.0,jelly_fish,,1.0,1.0,1.0,1.0,1.0,1.0,1.0,1.0,1.0
5569520.0,human,0.0,,0.0,0.0,0.0,0.0,0.0,1.0,0.0,0.0
5569520.0,artificial_intelligence,0.0,1.0,,1.0,0.0,1.0,0.0,1.0,0.0,1.0
5569520.0,virus,0.0,1.0,0.0,,0.0,0.0,0.0,1.0,0.0,1.0
5569520.0,rock,0.0,1.0,1.0,1.0,,1.0,0.0,1.0,1.0,1.0
5569520.0,robot,0.0,1.0,0.0,1.0,0.0,,0.0,1.0,1.0,1.0
5569520.0,chimpanzee,0.0,1.0,1.0,1.0,1.0,1.0,,1.0,1.0,1.0
5569520.0,god,0.0,0.0,0.0,0.0,0.0,0.0,0.0,,0.0,0.0
5569520.0,autonomous_car,0.0,1.0,1.0,1.0,0.0,0.0,0.0,1.0,,1.0
5569520.0,computer,0.0,1.0,0.0,0.0,0.0,0.0,0.0,1.0,0.0,
5569510.0,jelly_fish,,1.0,1.0,1.0,0.0,1.0,1.0,0.0,1.0,0.0
5569510.0,human,0.0,,0.0,0.0,0.0,0.0,0.0,0.0,0.0,0.0
5569510.0,artificial_intelligence,0.0,1.0,,1.0,0.0,0.0,1.0,0.0,0.0,0.0
5569510.0,virus,0.0,1.0,0.0,,0.0,0.0,1.0,0.0,0.0,0.0
5569510.0,rock,1.0,1.0,1.0,1.0,,1.0,1.0,1.0,1.0,1.0
5569510.0,robot,0.0,1.0,1.0,1.0,0.0,,1.0,0.0,0.0,0.0
5569510.0,chimpanzee,0.0,1.0,0.0,0.0,0.0,0.0,,0.0,0.0,0.0
5569510.0,god,1.0,1.0,1.0,1.0,0.0,1.0,1.0,,1.0,0.0
5569510.0,autonomous_car,0.0,1.0,1.0,1.0,0.0,1.0,1.0,0.0,,0.0
5569510.0,computer,1.0,1.0,1.0,1.0,0.0,1.0,1.0,1.0,1.0,
5569523.0,jelly_fish,,1.0,0.0,0.0,0.0,0.0,1.0,0.0,0.0,0.0
5569523.0,human,0.0,,0.0,0.0,0.0,0.0,0.0,0.0,0.0,0.0
5569523.0,artificial_intelligence,1.0,1.0,,0.0,0.0,0.0,1.0,1.0,0.0,0.0
5569523.0,virus,1.0,1.0,1.0,,0.0,0.0,1.0,1.0,0.0,0.0
5569523.0,rock,1.0,1.0,1.0,1.0,,0.0,1.0,1.0,1.0,0.0
5569523.0,robot,1.0,1.0,1.0,1.0,1.0,,1.0,1.0,0.0,0.0
5569523.0,chimpanzee,0.0,1.0,0.0,0.0,0.0,0.0,,0.0,0.0,0.0
5569523.0,god,1.0,1.0,0.0,0.0,0.0,0.0,1.0,,0.0,0.0
5569523.0,autonomous_car,1.0,1.0,1.0,1.0,0.0,1.0,1.0,1.0,,0.0
5569523.0,computer,1.0,1.0,1.0,1.0,1.0,1.0,1.0,1.0,1.0,
5569528.0,jelly_fish,,1.0,1.0,1.0,0.0,1.0,0.0,1.0,1.0,1.0
5569528.0,human,0.0,,1.0,0.0,0.0,1.0,0.0,0.0,1.0,1.0
5569528.0,artificial_intelligence,0.0,0.0,,0.0,0.0,0.0,0.0,0.0,0.0,0.0
5569528.0,virus,0.0,1.0,1.0,,0.0,1.0,0.0,0.0,1.0,1.0
5569528.0,rock,1.0,1.0,1.0,1.0,,1.0,1.0,1.0,1.0,1.0
5569528.0,robot,0.0,0.0,1.0,0.0,0.0,,0.0,0.0,1.0,1.0
5569528.0,chimpanzee,1.0,1.0,1.0,1.0,0.0,1.0,,1.0,1.0,1.0
5569528.0,god,0.0,1.0,1.0,1.0,0.0,1.0,0.0,,1.0,1.0
5569528.0,autonomous_car,0.0,0.0,1.0,0.0,0.0,0.0,0.0,0.0,,1.0
5569528.0,computer,0.0,0.0,1.0,0.0,0.0,0.0,0.0,0.0,0.0,
5569530.0,jelly_fish,,1.0,1.0,0.0,1.0,1.0,1.0,1.0,1.0,0.0
5569530.0,human,0.0,,1.0,1.0,0.0,0.0,0.0,0.0,1.0,1.0
5569530.0,artificial_intelligence,0.0,0.0,,0.0,1.0,0.0,0.0,0.0,0.0,1.0
5569530.0,virus,1.0,0.0,1.0,,0.0,1.0,1.0,0.0,0.0,1.0
5569530.0,rock,0.0,1.0,0.0,1.0,,0.0,0.0,1.0,1.0,0.0
5569530.0,robot,0.0,1.0,1.0,0.0,1.0,,1.0,0.0,1.0,0.0
5569530.0,chimpanzee,0.0,1.0,1.0,0.0,1.0,0.0,,1.0,0.0,1.0
5569530.0,god,0.0,1.0,1.0,1.0,0.0,1.0,0.0,,1.0,1.0
5569530.0,autonomous_car,0.0,0.0,1.0,1.0,0.0,0.0,1.0,0.0,,1.0
5569530.0,computer,1.0,0.0,0.0,0.0,1.0,1.0,0.0,0.0,0.0,
5569525.0,jelly_fish,,1.0,1.0,1.0,0.0,1.0,1.0,1.0,1.0,1.0
5569525.0,human,0.0,,1.0,0.0,0.0,0.0,0.0,0.0,0.0,0.0
5569525.0,artificial_intelligence,0.0,0.0,,0.0,0.0,0.0,0.0,0.0,0.0,0.0
5569525.0,virus,0.0,1.0,1.0,,0.0,1.0,1.0,1.0,1.0,0.0
5569525.0,rock,1.0,1.0,1.0,1.0,,1.0,1.0,1.0,1.0,1.0
5569525.0,robot,0.0,1.0,1.0,0.0,0.0,,0.0,1.0,1.0,0.0
5569525.0,chimpanzee,0.0,1.0,1.0,0.0,0.0,1.0,,1.0,1.0,1.0
5569525.0,god,0.0,1.0,1.0,0.0,0.0,0.0,0.0,,0.0,1.0
5569525.0,autonomous_car,0.0,1.0,1.0,0.0,0.0,0.0,0.0,1.0,,1.0
5569525.0,computer,0.0,1.0,1.0,1.0,0.0,1.0,0.0,0.0,0.0,
5569519.0,jelly_fish,,1.0,0.0,0.0,0.0,0.0,1.0,0.0,1.0,1.0
5569519.0,human,0.0,,0.0,0.0,1.0,1.0,0.0,0.0,1.0,0.0
5569519.0,artificial_intelligence,1.0,1.0,,0.0,1.0,0.0,1.0,1.0,0.0,0.0
5569519.0,virus,1.0,1.0,1.0,,0.0,0.0,1.0,0.0,0.0,0.0
5569519.0,rock,1.0,0.0,0.0,1.0,,0.0,1.0,0.0,0.0,0.0
5569519.0,robot,1.0,0.0,1.0,1.0,1.0,,0.0,1.0,1.0,1.0
5569519.0,chimpanzee,0.0,1.0,0.0,0.0,0.0,1.0,,1.0,1.0,1.0
5569519.0,god,1.0,1.0,0.0,1.0,1.0,0.0,0.0,,1.0,1.0
5569519.0,autonomous_car,0.0,0.0,1.0,1.0,1.0,0.0,0.0,0.0,,0.0
5569519.0,computer,0.0,1.0,1.0,1.0,1.0,0.0,0.0,0.0,1.0,
5569526.0,jelly_fish,,1.0,1.0,1.0,0.0,1.0,1.0,1.0,1.0,1.0
5569526.0,human,0.0,,1.0,1.0,0.0,0.0,0.0,1.0,1.0,0.0
5569526.0,artificial_intelligence,0.0,0.0,,1.0,0.0,0.0,0.0,1.0,1.0,0.0
5569526.0,virus,0.0,0.0,0.0,,0.0,0.0,0.0,0.0,0.0,0.0
5569526.0,rock,1.0,1.0,1.0,1.0,,1.0,1.0,1.0,1.0,1.0
5569526.0,robot,0.0,1.0,1.0,1.0,0.0,,0.0,1.0,1.0,0.0
5569526.0,chimpanzee,0.0,1.0,1.0,1.0,0.0,1.0,,1.0,1.0,1.0
5569526.0,god,0.0,0.0,0.0,1.0,0.0,0.0,0.0,,0.0,0.0
5569526.0,autonomous_car,0.0,0.0,0.0,1.0,0.0,0.0,0.0,1.0,,0.0
5569526.0,computer,0.0,1.0,1.0,1.0,0.0,1.0,0.0,1.0,1.0,
5569509.0,jelly_fish,,1.0,1.0,1.0,0.0,1.0,1.0,0.0,1.0,1.0
5569509.0,human,0.0,,0.0,0.0,0.0,0.0,0.0,1.0,0.0,1.0
5569509.0,artificial_intelligence,0.0,1.0,,0.0,0.0,0.0,0.0,0.0,0.0,0.0
5569509.0,virus,0.0,1.0,1.0,,0.0,1.0,1.0,0.0,1.0,1.0
5569509.0,rock,1.0,1.0,1.0,1.0,,1.0,1.0,0.0,1.0,1.0
5569509.0,robot,0.0,1.0,1.0,0.0,0.0,,0.0,0.0,0.0,0.0
5569509.0,chimpanzee,0.0,1.0,1.0,0.0,0.0,1.0,,0.0,1.0,1.0
5569509.0,god,1.0,0.0,1.0,1.0,1.0,1.0,1.0,,1.0,1.0
5569509.0,autonomous_car,0.0,1.0,1.0,0.0,0.0,1.0,0.0,0.0,,1.0
5569509.0,computer,0.0,0.0,1.0,0.0,0.0,1.0,0.0,0.0,0.0,
5569524.0,jelly_fish,,1.0,0.0,1.0,0.0,0.0,1.0,0.0,0.0,0.0
5569524.0,human,0.0,,0.0,1.0,0.0,0.0,0.0,0.0,0.0,0.0
5569524.0,artificial_intelligence,1.0,1.0,,1.0,0.0,0.0,1.0,0.0,0.0,0.0
5569524.0,virus,0.0,0.0,0.0,,0.0,0.0,0.0,0.0,0.0,0.0
5569524.0,rock,1.0,1.0,1.0,1.0,,1.0,1.0,0.0,1.0,1.0
5569524.0,robot,1.0,1.0,1.0,1.0,0.0,,1.0,0.0,1.0,0.0
5569524.0,chimpanzee,0.0,1.0,0.0,1.0,0.0,0.0,,0.0,0.0,0.0
5569524.0,god,1.0,1.0,1.0,1.0,1.0,1.0,1.0,,1.0,1.0
5569524.0,autonomous_car,1.0,1.0,1.0,1.0,0.0,0.0,1.0,0.0,,0.0
5569524.0,computer,1.0,1.0,1.0,1.0,0.0,1.0,1.0,0.0,1.0,
5569531.0,jelly_fish,,1.0,1.0,1.0,0.0,1.0,1.0,1.0,1.0,1.0
5569531.0,human,0.0,,1.0,0.0,0.0,0.0,0.0,0.0,1.0,0.0
5569531.0,artificial_intelligence,0.0,0.0,,0.0,0.0,0.0,0.0,0.0,0.0,0.0
5569531.0,virus,0.0,1.0,1.0,,0.0,1.0,0.0,0.0,1.0,1.0
5569531.0,rock,1.0,1.0,1.0,1.0,,1.0,1.0,1.0,1.0,1.0
5569531.0,robot,0.0,1.0,1.0,0.0,0.0,,0.0,0.0,0.0,0.0
5569531.0,chimpanzee,0.0,1.0,1.0,1.0,0.0,1.0,,1.0,1.0,1.0
5569531.0,god,0.0,1.0,1.0,1.0,0.0,1.0,0.0,,1.0,1.0
5569531.0,autonomous_car,0.0,0.0,1.0,0.0,0.0,1.0,0.0,0.0,,1.0
5569531.0,computer,0.0,1.0,1.0,0.0,0.0,1.0,0.0,0.0,0.0,
5569511.0,jelly_fish,,1.0,1.0,1.0,0.0,0.0,1.0,0.0,0.0,0.0
5569511.0,human,0.0,,0.0,0.0,0.0,0.0,0.0,0.0,0.0,0.0
5569511.0,artificial_intelligence,0.0,1.0,,0.0,0.0,0.0,0.0,0.0,0.0,0.0
5569511.0,virus,0.0,1.0,1.0,,0.0,0.0,1.0,1.0,0.0,0.0
5569511.0,rock,1.0,1.0,1.0,1.0,,1.0,1.0,1.0,1.0,1.0
5569511.0,robot,1.0,1.0,1.0,1.0,0.0,,1.0,1.0,0.0,1.0
5569511.0,chimpanzee,0.0,1.0,1.0,0.0,0.0,0.0,,0.0,0.0,0.0
5569511.0,god,1.0,1.0,1.0,0.0,0.0,0.0,1.0,,0.0,0.0
5569511.0,autonomous_car,1.0,1.0,1.0,1.0,0.0,1.0,1.0,1.0,,1.0
5569511.0,computer,1.0,1.0,1.0,1.0,0.0,0.0,1.0,1.0,0.0,
5569539.0,jelly_fish,,1.0,1.0,0.0,0.0,0.0,1.0,1.0,1.0,1.0
5569539.0,human,0.0,,0.0,1.0,0.0,0.0,0.0,1.0,0.0,0.0
5569539.0,artificial_intelligence,0.0,1.0,,0.0,0.0,0.0,0.0,1.0,0.0,0.0
5569539.0,virus,1.0,0.0,1.0,,0.0,1.0,1.0,1.0,1.0,1.0
5569539.0,rock,1.0,1.0,1.0,1.0,,1.0,1.0,1.0,1.0,1.0
5569539.0,robot,1.0,1.0,1.0,0.0,0.0,,1.0,1.0,1.0,1.0
5569539.0,chimpanzee,0.0,1.0,1.0,0.0,0.0,0.0,,1.0,0.0,0.0
5569539.0,god,0.0,0.0,0.0,0.0,0.0,0.0,0.0,,0.0,0.0
5569539.0,autonomous_car,0.0,1.0,1.0,0.0,0.0,0.0,1.0,1.0,,1.0
5569539.0,computer,0.0,1.0,1.0,0.0,0.0,0.0,1.0,1.0,0.0,
5569535.0,jelly_fish,,1.0,1.0,1.0,0.0,1.0,1.0,1.0,1.0,1.0
5569535.0,human,0.0,,1.0,0.0,0.0,1.0,0.0,0.0,1.0,1.0
5569535.0,artificial_intelligence,0.0,0.0,,0.0,0.0,0.0,0.0,0.0,0.0,0.0
5569535.0,virus,0.0,1.0,1.0,,0.0,1.0,0.0,0.0,1.0,1.0
5569535.0,rock,1.0,1.0,1.0,1.0,,1.0,0.0,0.0,1.0,1.0
5569535.0,robot,0.0,0.0,1.0,0.0,0.0,,0.0,0.0,1.0,1.0
5569535.0,chimpanzee,0.0,1.0,1.0,1.0,1.0,1.0,,0.0,1.0,1.0
5569535.0,god,0.0,1.0,1.0,1.0,1.0,1.0,1.0,,1.0,0.0
5569535.0,autonomous_car,0.0,0.0,1.0,0.0,0.0,0.0,0.0,0.0,,0.0
5569535.0,computer,0.0,0.0,1.0,0.0,0.0,0.0,0.0,1.0,1.0,
5569555.0,jelly_fish,,1.0,1.0,1.0,0.0,1.0,1.0,1.0,1.0,1.0
5569555.0,human,0.0,,0.0,0.0,0.0,0.0,0.0,1.0,0.0,0.0
5569555.0,artificial_intelligence,0.0,1.0,,0.0,0.0,0.0,0.0,1.0,0.0,0.0
5569555.0,virus,0.0,1.0,1.0,,0.0,0.0,0.0,1.0,0.0,0.0
5569555.0,rock,1.0,1.0,1.0,1.0,,1.0,1.0,1.0,1.0,1.0
5569555.0,robot,0.0,1.0,1.0,1.0,0.0,,0.0,1.0,0.0,0.0
5569555.0,chimpanzee,0.0,1.0,1.0,1.0,0.0,1.0,,1.0,1.0,1.0
5569555.0,god,0.0,0.0,0.0,0.0,0.0,0.0,0.0,,0.0,0.0
5569555.0,autonomous_car,0.0,1.0,1.0,1.0,0.0,1.0,0.0,1.0,,1.0
5569555.0,computer,0.0,1.0,1.0,1.0,0.0,1.0,0.0,1.0,0.0,
5569547.0,jelly_fish,,1.0,1.0,0.0,0.0,1.0,0.0,1.0,1.0,1.0
5569547.0,human,0.0,,1.0,0.0,0.0,0.0,0.0,0.0,1.0,0.0
5569547.0,artificial_intelligence,0.0,0.0,,0.0,0.0,0.0,0.0,1.0,0.0,0.0
5569547.0,virus,1.0,1.0,1.0,,0.0,1.0,1.0,1.0,1.0,1.0
5569547.0,rock,1.0,1.0,1.0,1.0,,1.0,1.0,1.0,1.0,1.0
5569547.0,robot,0.0,1.0,1.0,0.0,0.0,,0.0,0.0,0.0,1.0
5569547.0,chimpanzee,1.0,1.0,1.0,0.0,0.0,1.0,,1.0,1.0,1.0
5569547.0,god,0.0,1.0,0.0,0.0,0.0,1.0,0.0,,0.0,1.0
5569547.0,autonomous_car,0.0,0.0,1.0,0.0,0.0,1.0,0.0,1.0,,0.0
5569547.0,computer,0.0,1.0,1.0,0.0,0.0,0.0,0.0,0.0,1.0,
5569550.0,jelly_fish,,1.0,1.0,1.0,0.0,1.0,1.0,0.0,0.0,1.0
5569550.0,human,0.0,,0.0,1.0,0.0,0.0,0.0,0.0,0.0,0.0
5569550.0,artificial_intelligence,0.0,1.0,,1.0,0.0,0.0,1.0,1.0,0.0,0.0
5569550.0,virus,0.0,0.0,0.0,,0.0,0.0,0.0,0.0,0.0,0.0
5569550.0,rock,1.0,1.0,1.0,1.0,,1.0,1.0,1.0,1.0,1.0
5569550.0,robot,0.0,1.0,1.0,1.0,0.0,,1.0,1.0,0.0,0.0
5569550.0,chimpanzee,0.0,1.0,0.0,1.0,0.0,0.0,,0.0,0.0,0.0
5569550.0,god,1.0,1.0,0.0,1.0,0.0,0.0,1.0,,0.0,0.0
5569550.0,autonomous_car,1.0,1.0,1.0,1.0,0.0,1.0,1.0,1.0,,1.0
5569550.0,computer,0.0,1.0,1.0,1.0,0.0,1.0,1.0,1.0,0.0,
5569553.0,jelly_fish,,1.0,0.0,0.0,0.0,0.0,1.0,1.0,0.0,0.0
5569553.0,human,0.0,,0.0,0.0,0.0,0.0,0.0,1.0,0.0,0.0
5569553.0,artificial_intelligence,1.0,1.0,,0.0,0.0,1.0,1.0,1.0,1.0,0.0
5569553.0,virus,1.0,1.0,1.0,,0.0,0.0,0.0,1.0,0.0,0.0
5569553.0,rock,1.0,1.0,1.0,1.0,,1.0,1.0,1.0,1.0,1.0
5569553.0,robot,1.0,1.0,0.0,1.0,0.0,,1.0,1.0,0.0,0.0
5569553.0,chimpanzee,0.0,1.0,0.0,1.0,0.0,0.0,,1.0,0.0,0.0
5569553.0,god,0.0,0.0,0.0,0.0,0.0,0.0,0.0,,0.0,0.0
5569553.0,autonomous_car,1.0,1.0,0.0,1.0,0.0,1.0,1.0,1.0,,1.0
5569553.0,computer,1.0,1.0,1.0,1.0,0.0,1.0,1.0,1.0,0.0,
5569556.0,jelly_fish,,1.0,0.0,1.0,0.0,0.0,1.0,0.0,0.0,0.0
5569556.0,human,0.0,,0.0,0.0,0.0,0.0,0.0,0.0,0.0,0.0
5569556.0,artificial_intelligence,1.0,1.0,,1.0,0.0,0.0,1.0,1.0,0.0,1.0
5569556.0,virus,0.0,1.0,0.0,,0.0,0.0,0.0,0.0,0.0,0.0
5569556.0,rock,1.0,1.0,1.0,1.0,,1.0,1.0,1.0,1.0,1.0
5569556.0,robot,1.0,1.0,1.0,1.0,0.0,,1.0,1.0,1.0,1.0
5569556.0,chimpanzee,0.0,1.0,0.0,1.0,0.0,0.0,,0.0,0.0,0.0
5569556.0,god,1.0,1.0,0.0,1.0,0.0,0.0,1.0,,0.0,0.0
5569556.0,autonomous_car,1.0,1.0,1.0,1.0,0.0,0.0,1.0,1.0,,1.0
5569556.0,computer,1.0,1.0,0.0,1.0,0.0,0.0,1.0,1.0,0.0,
5569551.0,jelly_fish,,1.0,1.0,1.0,0.0,1.0,0.0,0.0,1.0,1.0
5569551.0,human,0.0,,1.0,0.0,0.0,1.0,0.0,0.0,1.0,1.0
5569551.0,artificial_intelligence,0.0,0.0,,0.0,0.0,0.0,0.0,0.0,0.0,0.0
5569551.0,virus,0.0,1.0,1.0,,0.0,1.0,0.0,0.0,0.0,1.0
5569551.0,rock,1.0,1.0,1.0,1.0,,1.0,0.0,0.0,1.0,1.0
5569551.0,robot,0.0,0.0,1.0,0.0,0.0,,0.0,0.0,1.0,1.0
5569551.0,chimpanzee,1.0,1.0,1.0,1.0,1.0,1.0,,0.0,1.0,1.0
5569551.0,god,1.0,1.0,1.0,1.0,1.0,1.0,1.0,,1.0,1.0
5569551.0,autonomous_car,0.0,0.0,1.0,1.0,0.0,0.0,0.0,0.0,,1.0
5569551.0,computer,0.0,0.0,1.0,0.0,0.0,0.0,0.0,0.0,0.0,
5569560.0,jelly_fish,,0.0,1.0,1.0,0.0,1.0,1.0,0.0,1.0,1.0
5569560.0,human,1.0,,1.0,1.0,1.0,1.0,1.0,0.0,1.0,1.0
5569560.0,artificial_intelligence,0.0,0.0,,1.0,0.0,0.0,1.0,0.0,0.0,0.0
5569560.0,virus,0.0,0.0,0.0,,0.0,1.0,0.0,0.0,1.0,1.0
5569560.0,rock,1.0,0.0,1.0,1.0,,1.0,0.0,0.0,1.0,0.0
5569560.0,robot,0.0,0.0,1.0,0.0,0.0,,0.0,0.0,0.0,1.0
5569560.0,chimpanzee,0.0,0.0,0.0,1.0,1.0,1.0,,0.0,1.0,1.0
5569560.0,god,1.0,1.0,1.0,1.0,1.0,1.0,1.0,,1.0,1.0
5569560.0,autonomous_car,0.0,0.0,1.0,0.0,0.0,1.0,0.0,0.0,,1.0
5569560.0,computer,0.0,0.0,1.0,0.0,1.0,0.0,0.0,0.0,0.0,
5569557.0,jelly_fish,,1.0,1.0,1.0,0.0,1.0,1.0,1.0,0.0,1.0
5569557.0,human,0.0,,0.0,1.0,0.0,1.0,0.0,1.0,0.0,0.0
5569557.0,artificial_intelligence,0.0,1.0,,1.0,0.0,1.0,1.0,0.0,0.0,0.0
5569557.0,virus,0.0,0.0,0.0,,0.0,1.0,0.0,0.0,0.0,0.0
5569557.0,rock,1.0,1.0,1.0,1.0,,1.0,0.0,0.0,1.0,1.0
5569557.0,robot,0.0,0.0,0.0,0.0,0.0,,1.0,0.0,0.0,1.0
5569557.0,chimpanzee,0.0,1.0,0.0,1.0,1.0,0.0,,0.0,0.0,0.0
5569557.0,god,0.0,0.0,1.0,1.0,1.0,1.0,1.0,,0.0,1.0
5569557.0,autonomous_car,1.0,1.0,1.0,1.0,0.0,1.0,1.0,1.0,,1.0
5569557.0,computer,0.0,1.0,1.0,1.0,0.0,0.0,1.0,0.0,0.0,
5569572.0,jelly_fish,,1.0,1.0,1.0,1.0,1.0,1.0,1.0,1.0,1.0
5569572.0,human,0.0,,0.0,0.0,0.0,0.0,0.0,0.0,0.0,0.0
5569572.0,artificial_intelligence,0.0,1.0,,0.0,0.0,0.0,0.0,1.0,0.0,0.0
5569572.0,virus,0.0,1.0,1.0,,1.0,1.0,0.0,1.0,1.0,1.0
5569572.0,rock,0.0,1.0,1.0,0.0,,1.0,1.0,1.0,1.0,1.0
5569572.0,robot,0.0,1.0,1.0,0.0,0.0,,0.0,0.0,0.0,0.0
5569572.0,chimpanzee,0.0,1.0,1.0,1.0,0.0,1.0,,1.0,1.0,1.0
5569572.0,god,0.0,1.0,0.0,0.0,0.0,1.0,0.0,,1.0,1.0
5569572.0,autonomous_car,0.0,1.0,1.0,0.0,0.0,1.0,0.0,0.0,,1.0
5569572.0,computer,0.0,1.0,1.0,0.0,0.0,1.0,0.0,0.0,0.0,
5569568.0,jelly_fish,,1.0,1.0,0.0,0.0,1.0,1.0,1.0,1.0,1.0
5569568.0,human,0.0,,0.0,0.0,0.0,0.0,0.0,1.0,1.0,1.0
5569568.0,artificial_intelligence,0.0,1.0,,0.0,0.0,0.0,0.0,1.0,0.0,0.0
5569568.0,virus,1.0,1.0,1.0,,0.0,1.0,0.0,1.0,1.0,1.0
5569568.0,rock,1.0,1.0,1.0,1.0,,1.0,1.0,1.0,1.0,1.0
5569568.0,robot,0.0,1.0,1.0,0.0,0.0,,0.0,1.0,1.0,0.0
5569568.0,chimpanzee,0.0,1.0,1.0,1.0,0.0,1.0,,1.0,1.0,1.0
5569568.0,god,0.0,0.0,0.0,0.0,0.0,0.0,0.0,,0.0,0.0
5569568.0,autonomous_car,0.0,0.0,1.0,0.0,0.0,0.0,0.0,1.0,,1.0
5569568.0,computer,0.0,0.0,1.0,0.0,0.0,1.0,0.0,1.0,0.0,
5522394.0,jelly_fish,,1.0,1.0,1.0,1.0,1.0,1.0,1.0,1.0,1.0
5522394.0,human,0.0,,0.0,0.0,0.0,0.0,0.0,1.0,0.0,0.0
5522394.0,artificial_intelligence,0.0,1.0,,0.0,0.0,0.0,1.0,1.0,0.0,0.0
5522394.0,virus,0.0,1.0,1.0,,0.0,0.0,1.0,1.0,0.0,1.0
5522394.0,rock,0.0,1.0,1.0,1.0,,1.0,1.0,1.0,1.0,1.0
5522394.0,robot,0.0,1.0,1.0,1.0,0.0,,1.0,1.0,1.0,0.0
5522394.0,chimpanzee,0.0,1.0,0.0,0.0,0.0,0.0,,1.0,0.0,0.0
5522394.0,god,0.0,0.0,0.0,0.0,0.0,0.0,0.0,,0.0,0.0
5522394.0,autonomous_car,0.0,1.0,1.0,1.0,0.0,0.0,1.0,1.0,,1.0
5522394.0,computer,0.0,1.0,1.0,0.0,0.0,1.0,1.0,1.0,0.0,
5522033.0,jelly_fish,,1.0,1.0,1.0,0.0,1.0,1.0,1.0,1.0,1.0
5522033.0,human,0.0,,0.0,0.0,0.0,0.0,0.0,0.0,0.0,0.0
5522033.0,artificial_intelligence,0.0,1.0,,1.0,0.0,0.0,0.0,1.0,0.0,0.0
5522033.0,virus,0.0,1.0,0.0,,0.0,0.0,1.0,0.0,0.0,0.0
5522033.0,rock,1.0,1.0,1.0,1.0,,1.0,1.0,1.0,1.0,1.0
5522033.0,robot,0.0,1.0,1.0,1.0,0.0,,0.0,1.0,0.0,0.0
5522033.0,chimpanzee,0.0,1.0,1.0,0.0,0.0,1.0,,0.0,0.0,0.0
5522033.0,god,0.0,1.0,0.0,1.0,0.0,0.0,1.0,,0.0,0.0
5522033.0,autonomous_car,0.0,1.0,1.0,1.0,0.0,1.0,1.0,1.0,,1.0
5522033.0,computer,0.0,1.0,1.0,1.0,0.0,1.0,1.0,1.0,0.0,
5521626.0,jelly_fish,,1.0,1.0,0.0,0.0,1.0,1.0,0.0,0.0,1.0
5521626.0,human,0.0,,0.0,0.0,0.0,0.0,0.0,0.0,0.0,0.0
5521626.0,artificial_intelligence,0.0,1.0,,0.0,0.0,0.0,0.0,0.0,0.0,0.0
5521626.0,virus,1.0,1.0,1.0,,0.0,1.0,1.0,0.0,0.0,1.0
5521626.0,rock,1.0,1.0,1.0,1.0,,1.0,1.0,0.0,1.0,1.0
5521626.0,robot,0.0,1.0,1.0,0.0,0.0,,1.0,0.0,0.0,0.0
5521626.0,chimpanzee,0.0,1.0,1.0,0.0,0.0,0.0,,0.0,0.0,0.0
5521626.0,god,1.0,1.0,1.0,1.0,1.0,1.0,1.0,,1.0,1.0
5521626.0,autonomous_car,1.0,1.0,1.0,1.0,0.0,1.0,1.0,0.0,,1.0
5521626.0,computer,0.0,1.0,1.0,0.0,0.0,1.0,1.0,0.0,0.0,
5521603.0,jelly_fish,,1.0,1.0,1.0,0.0,1.0,1.0,1.0,1.0,1.0
5521603.0,human,0.0,,0.0,0.0,0.0,0.0,0.0,0.0,0.0,0.0
5521603.0,artificial_intelligence,0.0,1.0,,0.0,0.0,0.0,0.0,0.0,0.0,1.0
5521603.0,virus,0.0,1.0,1.0,,0.0,1.0,0.0,1.0,1.0,1.0
5521603.0,rock,1.0,1.0,1.0,1.0,,1.0,1.0,1.0,1.0,1.0
5521603.0,robot,0.0,1.0,1.0,0.0,0.0,,0.0,0.0,0.0,1.0
5521603.0,chimpanzee,0.0,1.0,1.0,1.0,0.0,1.0,,1.0,1.0,1.0
5521603.0,god,0.0,1.0,1.0,0.0,0.0,1.0,0.0,,1.0,1.0
5521603.0,autonomous_car,0.0,1.0,1.0,0.0,0.0,1.0,0.0,0.0,,1.0
5521603.0,computer,0.0,1.0,0.0,0.0,0.0,0.0,0.0,0.0,0.0,
5521598.0,jelly_fish,,1.0,1.0,1.0,0.0,1.0,1.0,1.0,1.0,1.0
5521598.0,human,0.0,,1.0,0.0,0.0,1.0,0.0,1.0,1.0,1.0
5521598.0,artificial_intelligence,0.0,0.0,,0.0,0.0,0.0,0.0,1.0,0.0,0.0
5521598.0,virus,0.0,1.0,1.0,,0.0,1.0,1.0,1.0,1.0,1.0
5521598.0,rock,1.0,1.0,1.0,1.0,,1.0,1.0,1.0,1.0,1.0
5521598.0,robot,0.0,0.0,1.0,0.0,0.0,,0.0,1.0,0.0,1.0
5521598.0,chimpanzee,0.0,1.0,1.0,0.0,0.0,1.0,,1.0,1.0,1.0
5521598.0,god,0.0,0.0,0.0,0.0,0.0,0.0,0.0,,0.0,0.0
5521598.0,autonomous_car,0.0,0.0,1.0,0.0,0.0,1.0,0.0,1.0,,1.0
5521598.0,computer,0.0,0.0,1.0,0.0,0.0,0.0,0.0,1.0,0.0,
5521585.0,jelly_fish,,1.0,0.0,0.0,0.0,0.0,1.0,1.0,0.0,0.0
5521585.0,human,0.0,,0.0,0.0,0.0,1.0,0.0,0.0,0.0,0.0
5521585.0,artificial_intelligence,1.0,1.0,,0.0,0.0,1.0,1.0,1.0,0.0,0.0
5521585.0,virus,1.0,1.0,1.0,,0.0,1.0,1.0,1.0,0.0,1.0
5521585.0,rock,1.0,1.0,1.0,1.0,,1.0,1.0,1.0,0.0,1.0
5521585.0,robot,1.0,0.0,0.0,0.0,0.0,,1.0,0.0,0.0,0.0
5521585.0,chimpanzee,0.0,1.0,0.0,0.0,0.0,0.0,,1.0,0.0,0.0
5521585.0,god,0.0,1.0,0.0,0.0,0.0,1.0,0.0,,0.0,0.0
5521585.0,autonomous_car,1.0,1.0,1.0,1.0,1.0,1.0,1.0,1.0,,1.0
5521585.0,computer,1.0,1.0,1.0,0.0,0.0,1.0,1.0,1.0,0.0,
5521578.0,jelly_fish,,1.0,1.0,1.0,0.0,1.0,1.0,1.0,1.0,1.0
5521578.0,human,0.0,,0.0,0.0,0.0,0.0,0.0,0.0,0.0,0.0
5521578.0,artificial_intelligence,0.0,1.0,,0.0,0.0,0.0,0.0,0.0,0.0,0.0
5521578.0,virus,0.0,1.0,1.0,,0.0,1.0,1.0,1.0,1.0,1.0
5521578.0,rock,1.0,1.0,1.0,1.0,,1.0,0.0,0.0,1.0,1.0
5521578.0,robot,0.0,1.0,1.0,0.0,0.0,,0.0,0.0,0.0,1.0
5521578.0,chimpanzee,0.0,1.0,1.0,0.0,1.0,1.0,,0.0,1.0,1.0
5521578.0,god,0.0,1.0,1.0,0.0,1.0,1.0,1.0,,1.0,1.0
5521578.0,autonomous_car,0.0,1.0,1.0,0.0,0.0,1.0,0.0,0.0,,1.0
5521578.0,computer,0.0,1.0,1.0,0.0,0.0,0.0,0.0,0.0,0.0,
5521560.0,jelly_fish,,1.0,1.0,1.0,1.0,1.0,1.0,1.0,1.0,0.0
5521560.0,human,0.0,,0.0,0.0,0.0,1.0,0.0,0.0,0.0,0.0
5521560.0,artificial_intelligence,0.0,1.0,,0.0,1.0,0.0,0.0,0.0,1.0,1.0
5521560.0,virus,0.0,1.0,1.0,,0.0,1.0,0.0,1.0,0.0,1.0
5521560.0,rock,0.0,1.0,0.0,1.0,,1.0,0.0,1.0,1.0,1.0
5521560.0,robot,0.0,0.0,1.0,0.0,0.0,,1.0,0.0,0.0,1.0
5521560.0,chimpanzee,0.0,1.0,1.0,1.0,1.0,0.0,,0.0,1.0,1.0
5521560.0,god,0.0,1.0,1.0,0.0,0.0,1.0,1.0,,0.0,1.0
5521560.0,autonomous_car,0.0,1.0,0.0,1.0,0.0,1.0,0.0,1.0,,0.0
5521560.0,computer,1.0,1.0,0.0,0.0,0.0,0.0,0.0,0.0,1.0,
5521570.0,jelly_fish,,1.0,1.0,1.0,0.0,1.0,1.0,1.0,1.0,1.0
5521570.0,human,0.0,,1.0,0.0,0.0,0.0,0.0,0.0,0.0,1.0
5521570.0,artificial_intelligence,0.0,0.0,,0.0,0.0,0.0,0.0,1.0,0.0,0.0
5521570.0,virus,0.0,1.0,1.0,,0.0,1.0,0.0,1.0,0.0,1.0
5521570.0,rock,1.0,1.0,1.0,1.0,,1.0,1.0,1.0,1.0,1.0
5521570.0,robot,0.0,1.0,1.0,0.0,0.0,,0.0,1.0,0.0,0.0
5521570.0,chimpanzee,0.0,1.0,1.0,1.0,0.0,1.0,,1.0,1.0,1.0
5521570.0,god,0.0,1.0,0.0,0.0,0.0,0.0,0.0,,0.0,0.0
5521570.0,autonomous_car,0.0,1.0,1.0,1.0,0.0,1.0,0.0,1.0,,1.0
5521570.0,computer,0.0,0.0,1.0,0.0,0.0,1.0,0.0,1.0,0.0,
5521548.0,jelly_fish,,1.0,0.0,0.0,0.0,0.0,0.0,1.0,0.0,1.0
5521548.0,human,0.0,,0.0,0.0,0.0,0.0,0.0,1.0,0.0,0.0
5521548.0,artificial_intelligence,1.0,1.0,,1.0,0.0,0.0,0.0,1.0,0.0,1.0
5521548.0,virus,1.0,1.0,0.0,,0.0,0.0,0.0,1.0,0.0,0.0
5521548.0,rock,1.0,1.0,1.0,1.0,,1.0,1.0,1.0,1.0,1.0
5521548.0,robot,1.0,1.0,1.0,1.0,0.0,,1.0,1.0,1.0,1.0
5521548.0,chimpanzee,1.0,1.0,1.0,1.0,0.0,0.0,,1.0,0.0,1.0
5521548.0,god,0.0,0.0,0.0,0.0,0.0,0.0,0.0,,0.0,0.0
5521548.0,autonomous_car,1.0,1.0,1.0,1.0,0.0,0.0,1.0,1.0,,1.0
5521548.0,computer,0.0,1.0,0.0,1.0,0.0,0.0,0.0,1.0,0.0,
5521554.0,jelly_fish,,1.0,0.0,1.0,1.0,1.0,1.0,1.0,1.0,1.0
5521554.0,human,0.0,,0.0,0.0,0.0,0.0,0.0,0.0,0.0,0.0
5521554.0,artificial_intelligence,1.0,1.0,,1.0,1.0,1.0,0.0,1.0,1.0,1.0
5521554.0,virus,0.0,1.0,0.0,,1.0,1.0,0.0,1.0,0.0,0.0
5521554.0,rock,0.0,1.0,0.0,0.0,,0.0,0.0,0.0,0.0,1.0
5521554.0,robot,0.0,1.0,0.0,0.0,1.0,,0.0,1.0,0.0,1.0
5521554.0,chimpanzee,0.0,1.0,1.0,1.0,1.0,1.0,,1.0,1.0,1.0
5521554.0,god,0.0,1.0,0.0,0.0,1.0,0.0,0.0,,0.0,0.0
5521554.0,autonomous_car,0.0,1.0,0.0,1.0,1.0,1.0,0.0,1.0,,1.0
5521554.0,computer,0.0,1.0,0.0,1.0,0.0,0.0,0.0,1.0,0.0,
5521566.0,jelly_fish,,1.0,1.0,0.0,0.0,1.0,1.0,1.0,1.0,1.0
5521566.0,human,0.0,,0.0,0.0,0.0,0.0,0.0,1.0,0.0,0.0
5521566.0,artificial_intelligence,0.0,1.0,,0.0,0.0,1.0,0.0,1.0,0.0,0.0
5521566.0,virus,1.0,1.0,1.0,,0.0,1.0,1.0,1.0,1.0,1.0
5521566.0,rock,1.0,1.0,1.0,1.0,,1.0,1.0,1.0,1.0,1.0
5521566.0,robot,0.0,1.0,0.0,0.0,0.0,,0.0,1.0,1.0,0.0
5521566.0,chimpanzee,0.0,1.0,1.0,0.0,0.0,1.0,,1.0,1.0,1.0
5521566.0,god,0.0,0.0,0.0,0.0,0.0,0.0,0.0,,0.0,0.0
5521566.0,autonomous_car,0.0,1.0,1.0,0.0,0.0,0.0,0.0,1.0,,0.0
5521566.0,computer,0.0,1.0,1.0,0.0,0.0,1.0,0.0,1.0,1.0,
5521561.0,jelly_fish,,1.0,1.0,0.0,0.0,1.0,1.0,1.0,1.0,1.0
5521561.0,human,0.0,,0.0,1.0,0.0,0.0,0.0,1.0,0.0,0.0
5521561.0,artificial_intelligence,0.0,1.0,,1.0,0.0,1.0,0.0,1.0,0.0,0.0
5521561.0,virus,1.0,0.0,0.0,,0.0,0.0,0.0,1.0,0.0,0.0
5521561.0,rock,1.0,1.0,1.0,1.0,,1.0,1.0,1.0,1.0,1.0
5521561.0,robot,0.0,1.0,0.0,1.0,0.0,,0.0,1.0,1.0,1.0
5521561.0,chimpanzee,0.0,1.0,1.0,1.0,0.0,1.0,,1.0,1.0,1.0
5521561.0,god,0.0,0.0,0.0,0.0,0.0,0.0,0.0,,0.0,0.0
5521561.0,autonomous_car,0.0,1.0,1.0,1.0,0.0,0.0,0.0,1.0,,1.0
5521561.0,computer,0.0,1.0,1.0,1.0,0.0,0.0,0.0,1.0,0.0,
5521547.0,jelly_fish,,1.0,1.0,1.0,0.0,1.0,1.0,0.0,1.0,1.0
5521547.0,human,0.0,,0.0,1.0,0.0,0.0,0.0,0.0,0.0,0.0
5521547.0,artificial_intelligence,0.0,1.0,,1.0,0.0,1.0,1.0,0.0,1.0,1.0
5521547.0,virus,0.0,0.0,0.0,,0.0,1.0,1.0,0.0,0.0,0.0
5521547.0,rock,1.0,1.0,1.0,1.0,,1.0,1.0,0.0,1.0,1.0
5521547.0,robot,0.0,1.0,0.0,0.0,0.0,,1.0,0.0,0.0,0.0
5521547.0,chimpanzee,0.0,1.0,0.0,0.0,0.0,0.0,,0.0,0.0,0.0
5521547.0,god,1.0,1.0,1.0,1.0,1.0,1.0,1.0,,1.0,1.0
5521547.0,autonomous_car,0.0,1.0,0.0,1.0,0.0,1.0,1.0,0.0,,1.0
5521547.0,computer,0.0,1.0,0.0,1.0,0.0,1.0,1.0,0.0,0.0,
5521563.0,jelly_fish,,1.0,0.0,0.0,0.0,0.0,1.0,1.0,0.0,0.0
5521563.0,human,0.0,,0.0,0.0,0.0,0.0,0.0,1.0,0.0,0.0
5521563.0,artificial_intelligence,1.0,1.0,,1.0,0.0,0.0,1.0,1.0,1.0,0.0
5521563.0,virus,1.0,1.0,0.0,,0.0,0.0,1.0,1.0,0.0,0.0
5521563.0,rock,1.0,1.0,1.0,1.0,,1.0,1.0,1.0,1.0,1.0
5521563.0,robot,1.0,1.0,1.0,1.0,0.0,,1.0,1.0,1.0,0.0
5521563.0,chimpanzee,0.0,1.0,0.0,0.0,0.0,0.0,,1.0,0.0,0.0
5521563.0,god,0.0,0.0,0.0,0.0,0.0,0.0,0.0,,0.0,0.0
5521563.0,autonomous_car,1.0,1.0,0.0,1.0,0.0,0.0,1.0,1.0,,0.0
5521563.0,computer,1.0,1.0,1.0,1.0,0.0,1.0,1.0,1.0,1.0,
5522616.0,jelly_fish,,1.0,0.0,1.0,0.0,1.0,1.0,1.0,1.0,1.0
5522616.0,human,0.0,,0.0,0.0,0.0,1.0,1.0,0.0,1.0,0.0
5522616.0,artificial_intelligence,1.0,1.0,,0.0,0.0,0.0,0.0,0.0,0.0,1.0
5522616.0,virus,0.0,1.0,1.0,,0.0,0.0,0.0,0.0,1.0,0.0
5522616.0,rock,1.0,1.0,1.0,1.0,,1.0,1.0,0.0,1.0,1.0
5522616.0,robot,0.0,0.0,1.0,1.0,0.0,,1.0,0.0,0.0,1.0
5522616.0,chimpanzee,0.0,0.0,1.0,1.0,0.0,0.0,,1.0,0.0,1.0
5522616.0,god,0.0,1.0,1.0,1.0,1.0,1.0,0.0,,1.0,1.0
5522616.0,autonomous_car,0.0,0.0,1.0,0.0,0.0,1.0,1.0,0.0,,1.0
5522616.0,computer,0.0,1.0,0.0,1.0,0.0,0.0,0.0,0.0,0.0,
5569571.0,jelly_fish,,1.0,1.0,1.0,0.0,0.0,0.0,1.0,0.0,1.0
5569571.0,human,0.0,,1.0,1.0,0.0,0.0,1.0,1.0,0.0,0.0
5569571.0,artificial_intelligence,0.0,0.0,,0.0,0.0,0.0,0.0,1.0,0.0,0.0
5569571.0,virus,0.0,0.0,1.0,,0.0,1.0,0.0,1.0,0.0,1.0
5569571.0,rock,1.0,1.0,1.0,1.0,,1.0,1.0,1.0,0.0,1.0
5569571.0,robot,1.0,1.0,1.0,0.0,0.0,,0.0,1.0,1.0,1.0
5569571.0,chimpanzee,1.0,0.0,1.0,1.0,0.0,1.0,,1.0,0.0,1.0
5569571.0,god,0.0,0.0,0.0,0.0,0.0,0.0,0.0,,0.0,0.0
5569571.0,autonomous_car,1.0,1.0,1.0,1.0,1.0,0.0,1.0,1.0,,1.0
5569571.0,computer,0.0,1.0,1.0,0.0,0.0,0.0,0.0,1.0,0.0,
5569561.0,jelly_fish,,1.0,1.0,0.0,1.0,1.0,1.0,1.0,1.0,1.0
5569561.0,human,0.0,,1.0,1.0,0.0,1.0,1.0,1.0,1.0,1.0
5569561.0,artificial_intelligence,0.0,0.0,,0.0,0.0,0.0,0.0,0.0,0.0,0.0
5569561.0,virus,1.0,0.0,1.0,,0.0,1.0,0.0,1.0,1.0,1.0
5569561.0,rock,0.0,1.0,1.0,1.0,,1.0,1.0,1.0,1.0,1.0
5569561.0,robot,0.0,0.0,1.0,0.0,0.0,,0.0,0.0,1.0,0.0
5569561.0,chimpanzee,0.0,0.0,1.0,1.0,0.0,1.0,,0.0,1.0,1.0
5569561.0,god,0.0,0.0,1.0,0.0,0.0,1.0,1.0,,1.0,1.0
5569561.0,autonomous_car,0.0,0.0,1.0,0.0,0.0,0.0,0.0,0.0,,0.0
5569561.0,computer,0.0,0.0,1.0,0.0,0.0,1.0,0.0,0.0,1.0,
5569567.0,jelly_fish,,1.0,0.0,0.0,0.0,0.0,1.0,1.0,1.0,1.0
5569567.0,human,0.0,,0.0,0.0,0.0,0.0,0.0,1.0,0.0,0.0
5569567.0,artificial_intelligence,1.0,1.0,,0.0,0.0,0.0,0.0,1.0,0.0,0.0
5569567.0,virus,1.0,1.0,1.0,,0.0,1.0,1.0,1.0,1.0,1.0
5569567.0,rock,1.0,1.0,1.0,1.0,,1.0,1.0,1.0,1.0,1.0
5569567.0,robot,1.0,1.0,1.0,0.0,0.0,,0.0,1.0,1.0,0.0
5569567.0,chimpanzee,0.0,1.0,1.0,0.0,0.0,1.0,,1.0,0.0,1.0
5569567.0,god,0.0,0.0,0.0,0.0,0.0,0.0,0.0,,0.0,0.0
5569567.0,autonomous_car,0.0,1.0,1.0,0.0,0.0,0.0,1.0,1.0,,0.0
5569567.0,computer,0.0,1.0,1.0,0.0,0.0,1.0,0.0,1.0,1.0,
5569565.0,jelly_fish,,1.0,1.0,1.0,0.0,1.0,0.0,0.0,0.0,1.0
5569565.0,human,0.0,,1.0,1.0,0.0,1.0,0.0,0.0,1.0,1.0
5569565.0,artificial_intelligence,0.0,0.0,,1.0,0.0,0.0,0.0,0.0,0.0,0.0
5569565.0,virus,0.0,0.0,0.0,,0.0,0.0,0.0,0.0,0.0,0.0
5569565.0,rock,1.0,1.0,1.0,1.0,,1.0,1.0,1.0,1.0,1.0
5569565.0,robot,0.0,0.0,1.0,1.0,0.0,,0.0,0.0,1.0,0.0
5569565.0,chimpanzee,1.0,1.0,1.0,1.0,0.0,1.0,,0.0,1.0,1.0
5569565.0,god,1.0,1.0,1.0,1.0,0.0,1.0,1.0,,1.0,1.0
5569565.0,autonomous_car,1.0,0.0,1.0,1.0,0.0,0.0,0.0,0.0,,1.0
5569565.0,computer,0.0,0.0,1.0,1.0,0.0,1.0,0.0,0.0,0.0,
5569586.0,jelly_fish,,1.0,1.0,0.0,1.0,1.0,1.0,1.0,1.0,1.0
5569586.0,human,0.0,,1.0,0.0,0.0,0.0,1.0,0.0,0.0,0.0
5569586.0,artificial_intelligence,0.0,0.0,,0.0,0.0,0.0,1.0,0.0,0.0,0.0
5569586.0,virus,1.0,1.0,1.0,,1.0,1.0,1.0,1.0,1.0,1.0
5569586.0,rock,0.0,1.0,1.0,0.0,,0.0,1.0,0.0,1.0,1.0
5569586.0,robot,0.0,1.0,1.0,0.0,1.0,,1.0,0.0,0.0,0.0
5569586.0,chimpanzee,0.0,0.0,0.0,0.0,0.0,0.0,,0.0,0.0,0.0
5569586.0,god,0.0,1.0,1.0,0.0,1.0,1.0,1.0,,1.0,1.0
5569586.0,autonomous_car,0.0,1.0,1.0,0.0,0.0,1.0,1.0,0.0,,1.0
5569586.0,computer,0.0,1.0,1.0,0.0,0.0,1.0,1.0,0.0,0.0,
5569580.0,jelly_fish,,1.0,0.0,0.0,0.0,0.0,1.0,0.0,0.0,0.0
5569580.0,human,0.0,,0.0,0.0,0.0,0.0,0.0,0.0,0.0,0.0
5569580.0,artificial_intelligence,1.0,1.0,,1.0,0.0,1.0,1.0,0.0,1.0,1.0
5569580.0,virus,1.0,1.0,0.0,,0.0,1.0,1.0,0.0,1.0,1.0
5569580.0,rock,1.0,1.0,1.0,1.0,,1.0,1.0,1.0,1.0,1.0
5569580.0,robot,1.0,1.0,0.0,0.0,0.0,,1.0,0.0,1.0,1.0
5569580.0,chimpanzee,0.0,1.0,0.0,0.0,0.0,0.0,,0.0,0.0,0.0
5569580.0,god,1.0,1.0,1.0,1.0,0.0,1.0,1.0,,0.0,1.0
5569580.0,autonomous_car,1.0,1.0,0.0,0.0,0.0,0.0,1.0,1.0,,1.0
5569580.0,computer,1.0,1.0,0.0,0.0,0.0,0.0,1.0,0.0,0.0,
5569587.0,jelly_fish,,0.0,1.0,0.0,0.0,0.0,1.0,1.0,1.0,0.0
5569587.0,human,1.0,,0.0,1.0,0.0,0.0,1.0,1.0,1.0,1.0
5569587.0,artificial_intelligence,0.0,1.0,,0.0,0.0,1.0,0.0,1.0,0.0,0.0
5569587.0,virus,1.0,0.0,1.0,,0.0,0.0,1.0,1.0,1.0,1.0
5569587.0,rock,1.0,1.0,1.0,1.0,,1.0,1.0,1.0,0.0,0.0
5569587.0,robot,1.0,1.0,0.0,1.0,0.0,,1.0,1.0,1.0,1.0
5569587.0,chimpanzee,0.0,0.0,1.0,0.0,0.0,0.0,,1.0,0.0,1.0
5569587.0,god,0.0,0.0,0.0,0.0,0.0,0.0,0.0,,0.0,0.0
5569587.0,autonomous_car,0.0,0.0,1.0,0.0,1.0,0.0,1.0,1.0,,1.0
5569587.0,computer,1.0,0.0,1.0,0.0,1.0,0.0,0.0,1.0,0.0,
5569578.0,jelly_fish,,1.0,1.0,1.0,1.0,1.0,1.0,1.0,1.0,1.0
5569578.0,human,0.0,,0.0,1.0,0.0,0.0,0.0,0.0,0.0,0.0
5569578.0,artificial_intelligence,0.0,1.0,,1.0,0.0,0.0,0.0,0.0,0.0,1.0
5569578.0,virus,0.0,0.0,0.0,,0.0,0.0,0.0,0.0,0.0,0.0
5569578.0,rock,0.0,1.0,1.0,1.0,,1.0,1.0,1.0,1.0,1.0
5569578.0,robot,0.0,1.0,1.0,1.0,0.0,,1.0,0.0,0.0,1.0
5569578.0,chimpanzee,0.0,1.0,1.0,1.0,0.0,0.0,,1.0,0.0,1.0
5569578.0,god,0.0,1.0,1.0,1.0,0.0,1.0,0.0,,1.0,1.0
5569578.0,autonomous_car,0.0,1.0,1.0,1.0,0.0,1.0,1.0,0.0,,1.0
5569578.0,computer,0.0,1.0,0.0,1.0,0.0,0.0,0.0,0.0,0.0,
5569574.0,jelly_fish,,1.0,1.0,1.0,0.0,1.0,1.0,1.0,1.0,1.0
5569574.0,human,0.0,,0.0,1.0,0.0,0.0,0.0,1.0,0.0,0.0
5569574.0,artificial_intelligence,0.0,1.0,,0.0,0.0,0.0,0.0,1.0,0.0,0.0
5569574.0,virus,0.0,0.0,1.0,,0.0,0.0,0.0,0.0,0.0,0.0
5569574.0,rock,1.0,1.0,1.0,1.0,,1.0,1.0,1.0,1.0,1.0
5569574.0,robot,0.0,1.0,1.0,1.0,0.0,,0.0,1.0,1.0,1.0
5569574.0,chimpanzee,0.0,1.0,1.0,1.0,0.0,1.0,,1.0,1.0,1.0
5569574.0,god,0.0,0.0,0.0,1.0,0.0,0.0,0.0,,0.0,0.0
5569574.0,autonomous_car,0.0,1.0,1.0,1.0,0.0,0.0,0.0,1.0,,1.0
5569574.0,computer,0.0,1.0,1.0,1.0,0.0,0.0,0.0,1.0,0.0,
5569592.0,jelly_fish,,1.0,1.0,1.0,0.0,1.0,1.0,1.0,0.0,1.0
5569592.0,human,0.0,,1.0,1.0,0.0,0.0,0.0,1.0,0.0,0.0
5569592.0,artificial_intelligence,0.0,0.0,,0.0,0.0,0.0,0.0,1.0,0.0,0.0
5569592.0,virus,0.0,0.0,1.0,,0.0,0.0,0.0,1.0,0.0,0.0
5569592.0,rock,1.0,1.0,1.0,1.0,,1.0,1.0,1.0,1.0,1.0
5569592.0,robot,0.0,1.0,1.0,1.0,0.0,,0.0,1.0,0.0,0.0
5569592.0,chimpanzee,0.0,1.0,1.0,1.0,0.0,1.0,,1.0,0.0,1.0
5569592.0,god,0.0,0.0,0.0,0.0,0.0,0.0,0.0,,0.0,0.0
5569592.0,autonomous_car,1.0,1.0,1.0,1.0,0.0,1.0,1.0,1.0,,1.0
5569592.0,computer,0.0,1.0,1.0,1.0,0.0,1.0,0.0,1.0,0.0,
5569590.0,jelly_fish,,1.0,1.0,0.0,0.0,1.0,1.0,1.0,1.0,1.0
5569590.0,human,0.0,,1.0,0.0,0.0,0.0,0.0,1.0,0.0,0.0
5569590.0,artificial_intelligence,0.0,0.0,,0.0,0.0,0.0,0.0,0.0,0.0,0.0
5569590.0,virus,1.0,1.0,1.0,,1.0,0.0,1.0,1.0,1.0,1.0
5569590.0,rock,1.0,1.0,1.0,0.0,,1.0,1.0,1.0,1.0,1.0
5569590.0,robot,0.0,1.0,1.0,1.0,0.0,,0.0,0.0,1.0,1.0
5569590.0,chimpanzee,0.0,1.0,1.0,0.0,0.0,1.0,,1.0,1.0,1.0
5569590.0,god,0.0,0.0,1.0,0.0,0.0,1.0,0.0,,1.0,1.0
5569590.0,autonomous_car,0.0,1.0,1.0,0.0,0.0,0.0,0.0,0.0,,0.0
5569590.0,computer,0.0,1.0,1.0,0.0,0.0,0.0,0.0,0.0,1.0,
5569591.0,jelly_fish,,1.0,1.0,0.0,1.0,1.0,0.0,1.0,0.0,1.0
5569591.0,human,0.0,,0.0,0.0,0.0,0.0,0.0,1.0,0.0,0.0
5569591.0,artificial_intelligence,0.0,1.0,,0.0,0.0,0.0,0.0,1.0,0.0,0.0
5569591.0,virus,1.0,1.0,1.0,,1.0,1.0,1.0,1.0,1.0,1.0
5569591.0,rock,0.0,1.0,1.0,0.0,,0.0,0.0,1.0,0.0,0.0
5569591.0,robot,0.0,1.0,1.0,0.0,1.0,,0.0,1.0,0.0,0.0
5569591.0,chimpanzee,1.0,1.0,1.0,0.0,1.0,1.0,,1.0,1.0,0.0
5569591.0,god,0.0,0.0,0.0,0.0,0.0,0.0,0.0,,0.0,0.0
5569591.0,autonomous_car,1.0,1.0,1.0,0.0,1.0,1.0,0.0,1.0,,0.0
5569591.0,computer,0.0,1.0,1.0,0.0,1.0,1.0,1.0,1.0,1.0,
5569606.0,jelly_fish,,1.0,0.0,0.0,0.0,0.0,1.0,0.0,0.0,0.0
5569606.0,human,0.0,,0.0,0.0,0.0,0.0,0.0,0.0,0.0,0.0
5569606.0,artificial_intelligence,1.0,1.0,,1.0,0.0,0.0,1.0,0.0,1.0,1.0
5569606.0,virus,1.0,1.0,0.0,,0.0,0.0,0.0,0.0,0.0,0.0
5569606.0,rock,1.0,1.0,1.0,1.0,,1.0,1.0,0.0,1.0,1.0
5569606.0,robot,1.0,1.0,1.0,1.0,0.0,,0.0,0.0,1.0,1.0
5569606.0,chimpanzee,0.0,1.0,0.0,1.0,0.0,1.0,,0.0,0.0,0.0
5569606.0,god,1.0,1.0,1.0,1.0,1.0,1.0,1.0,,1.0,1.0
5569606.0,autonomous_car,1.0,1.0,0.0,1.0,0.0,0.0,1.0,0.0,,0.0
5569606.0,computer,1.0,1.0,0.0,1.0,0.0,0.0,1.0,0.0,1.0,
5569576.0,jelly_fish,,1.0,1.0,1.0,0.0,1.0,0.0,1.0,1.0,1.0
5569576.0,human,0.0,,1.0,0.0,0.0,1.0,0.0,1.0,0.0,0.0
5569576.0,artificial_intelligence,0.0,0.0,,0.0,0.0,0.0,0.0,0.0,0.0,0.0
5569576.0,virus,0.0,1.0,1.0,,0.0,1.0,1.0,1.0,1.0,1.0
5569576.0,rock,1.0,1.0,1.0,1.0,,1.0,0.0,1.0,1.0,1.0
5569576.0,robot,0.0,0.0,1.0,0.0,0.0,,0.0,1.0,0.0,0.0
5569576.0,chimpanzee,1.0,1.0,1.0,0.0,1.0,1.0,,1.0,1.0,1.0
5569576.0,god,0.0,0.0,1.0,0.0,0.0,0.0,0.0,,0.0,1.0
5569576.0,autonomous_car,0.0,1.0,1.0,0.0,0.0,1.0,0.0,1.0,,0.0
5569576.0,computer,0.0,1.0,1.0,0.0,0.0,1.0,0.0,0.0,1.0,
5569573.0,jelly_fish,,1.0,1.0,1.0,0.0,1.0,1.0,0.0,1.0,1.0
5569573.0,human,0.0,,1.0,0.0,0.0,0.0,0.0,0.0,1.0,1.0
5569573.0,artificial_intelligence,0.0,0.0,,0.0,0.0,0.0,0.0,0.0,1.0,1.0
5569573.0,virus,0.0,1.0,1.0,,0.0,1.0,0.0,0.0,1.0,0.0
5569573.0,rock,1.0,1.0,1.0,1.0,,1.0,1.0,0.0,1.0,1.0
5569573.0,robot,0.0,1.0,1.0,0.0,0.0,,0.0,0.0,1.0,1.0
5569573.0,chimpanzee,0.0,1.0,1.0,1.0,0.0,1.0,,0.0,1.0,1.0
5569573.0,god,1.0,1.0,1.0,1.0,1.0,1.0,1.0,,1.0,1.0
5569573.0,autonomous_car,0.0,0.0,0.0,0.0,0.0,0.0,0.0,0.0,,0.0
5569573.0,computer,0.0,0.0,0.0,1.0,0.0,0.0,0.0,0.0,1.0,
5569678.0,jelly_fish,,1.0,1.0,1.0,0.0,1.0,1.0,1.0,1.0,1.0
5569678.0,human,0.0,,0.0,1.0,0.0,0.0,0.0,0.0,0.0,0.0
5569678.0,artificial_intelligence,0.0,1.0,,0.0,0.0,0.0,0.0,0.0,0.0,0.0
5569678.0,virus,0.0,0.0,1.0,,0.0,1.0,0.0,0.0,0.0,0.0
5569678.0,rock,1.0,1.0,1.0,1.0,,1.0,1.0,1.0,1.0,1.0
5569678.0,robot,0.0,1.0,1.0,0.0,0.0,,0.0,1.0,0.0,0.0
5569678.0,chimpanzee,0.0,1.0,1.0,1.0,0.0,1.0,,1.0,1.0,1.0
5569678.0,god,0.0,1.0,1.0,1.0,0.0,0.0,0.0,,1.0,1.0
5569678.0,autonomous_car,0.0,1.0,1.0,1.0,0.0,1.0,0.0,0.0,,1.0
5569678.0,computer,0.0,1.0,1.0,1.0,0.0,1.0,0.0,0.0,0.0,
5569701.0,jelly_fish,,1.0,1.0,0.0,0.0,0.0,1.0,1.0,0.0,0.0
5569701.0,human,0.0,,0.0,0.0,0.0,0.0,0.0,1.0,0.0,0.0
5569701.0,artificial_intelligence,0.0,1.0,,0.0,0.0,0.0,1.0,1.0,0.0,0.0
5569701.0,virus,1.0,1.0,1.0,,0.0,0.0,1.0,1.0,0.0,0.0
5569701.0,rock,1.0,1.0,1.0,1.0,,1.0,1.0,1.0,1.0,1.0
5569701.0,robot,1.0,1.0,1.0,1.0,0.0,,1.0,1.0,0.0,0.0
5569701.0,chimpanzee,0.0,1.0,0.0,0.0,0.0,0.0,,1.0,0.0,0.0
5569701.0,god,0.0,0.0,0.0,0.0,0.0,0.0,0.0,,0.0,0.0
5569701.0,autonomous_car,1.0,1.0,1.0,1.0,0.0,1.0,1.0,1.0,,1.0
5569701.0,computer,1.0,1.0,1.0,1.0,0.0,1.0,1.0,1.0,0.0,
5569715.0,jelly_fish,,1.0,1.0,0.0,0.0,0.0,1.0,1.0,1.0,1.0
5569715.0,human,0.0,,0.0,0.0,0.0,0.0,0.0,1.0,0.0,0.0
5569715.0,artificial_intelligence,0.0,1.0,,0.0,0.0,0.0,1.0,1.0,0.0,0.0
5569715.0,virus,1.0,1.0,1.0,,0.0,1.0,1.0,1.0,1.0,1.0
5569715.0,rock,1.0,1.0,1.0,1.0,,1.0,1.0,1.0,1.0,1.0
5569715.0,robot,1.0,1.0,1.0,0.0,0.0,,1.0,1.0,1.0,1.0
5569715.0,chimpanzee,0.0,1.0,0.0,0.0,0.0,0.0,,1.0,0.0,0.0
5569715.0,god,0.0,0.0,0.0,0.0,0.0,0.0,0.0,,0.0,0.0
5569715.0,autonomous_car,0.0,1.0,1.0,0.0,0.0,0.0,1.0,1.0,,0.0
5569715.0,computer,0.0,1.0,1.0,0.0,0.0,0.0,1.0,1.0,1.0,
